FID,Shape,地名,区划码,县级,县级码,县级类,地级,地级码,地级类,省级,省级码,省级类,曾用名,备注,ENG_NAME
0,面,西沙区,460301,西沙区,460301,市辖区,三沙市,460300,地级市,海南省,460000,省, ,2020年新设西沙区,Xisha
1,面,南沙区,460302,南沙区,460302,市辖区,三沙市,460300,地级市,海南省,460000,省, ,2020年新设南沙区,Nansha
2,面,阿巴嘎旗,152522,阿巴嘎旗,152522,旗,锡林郭勒盟,152500,盟,内蒙古自治区,150000,自治区, , ,Abaga
3,面,阿坝县,513231,阿坝县,513231,县,阿坝藏族羌族自治州,513200,自治州,四川省,510000,省, , ,Aba
4,面,阿城区,230112,阿城区,230112,市辖区,哈尔滨市,230100,地级市,黑龙江省,230000,省,阿城市,2006年撤销阿城市，设立阿城区,Acheng
5,面,阿尔山市,152202,阿尔山市,152202,县级市,兴安盟,152200,盟,内蒙古自治区,150000,自治区, , ,Aershan
6,面,阿合奇县,653023,阿合奇县,653023,县,克孜勒苏柯尔克孜自治州,653000,自治州,新疆维吾尔自治区,650000,自治区, , ,Aheqi
7,面,阿克塞哈萨克族自治县,620924,阿克塞哈萨克族自治县,620924,自治县,酒泉市,620900,地级市,甘肃省,620000,省, , ,AkesaiKazak
8,面,阿克苏市,652901,阿克苏市,652901,县级市,阿克苏地区,652900,地区,新疆维吾尔自治区,650000,自治区, , ,Akesu
9,面,阿克陶县,653022,阿克陶县,653022,县,克孜勒苏柯尔克孜自治州,653000,自治州,新疆维吾尔自治区,650000,自治区, , ,Aketao
10,面,阿拉尔市,659002,阿拉尔市,659002,县级市,不统计,0,不统计,新疆维吾尔自治区,650000,自治区, ,"省直辖市,省直管,是县级单位",Alaer
11,面,阿拉山口市,652702,阿拉山口市,652702,县级市,博尔塔拉蒙古自治州,652700,自治州,新疆维吾尔自治区,650000,自治区, ,2012年新设阿拉山口市，下辖艾比湖街道、阿拉套街道,Alashankou
12,面,阿拉善右旗,152922,阿拉善右旗,152922,旗,阿拉善盟,152900,盟,内蒙古自治区,150000,自治区, , ,Alashanyou
13,面,阿拉善左旗,152921,阿拉善左旗,152921,旗,阿拉善盟,152900,盟,内蒙古自治区,150000,自治区, , ,Alashanzuo
14,面,阿勒泰市,654301,阿勒泰市,654301,县级市,阿勒泰地区,654300,地区,新疆维吾尔自治区,650000,自治区, , ,Aletai
15,面,阿鲁科尔沁旗,150421,阿鲁科尔沁旗,150421,旗,赤峰市,150400,地级市,内蒙古自治区,150000,自治区, , ,Alukeerqin
16,面,阿荣旗,150721,阿荣旗,150721,旗,呼伦贝尔市,150700,地级市,内蒙古自治区,150000,自治区, , ,Arong
17,面,阿图什市,653001,阿图什市,653001,县级市,克孜勒苏柯尔克孜自治州,653000,自治州,新疆维吾尔自治区,650000,自治区, , ,Atushi
18,面,阿瓦提县,652928,阿瓦提县,652928,县,阿克苏地区,652900,地区,新疆维吾尔自治区,650000,自治区, , ,Awati
19,面,爱辉区,231102,爱辉区,231102,市辖区,黑河市,231100,地级市,黑龙江省,230000,省, , ,Aihui
20,面,爱民区,231004,爱民区,231004,市辖区,牡丹江市,231000,地级市,黑龙江省,230000,省, , ,Aimin
21,面,安次区,131002,安次区,131002,市辖区,廊坊市,131000,地级市,河北省,130000,省, , ,Anci
22,面,安达市,231281,安达市,231281,县级市,绥化市,231200,地级市,黑龙江省,230000,省, , ,Anda
23,面,安定区,621102,安定区,621102,市辖区,定西市,621100,地级市,甘肃省,620000,省,定西县,2003年撤销定西县，设立安定区,Anding
24,面,安多县,540624,安多县,540624,县,那曲市,540600,地级市,西藏自治区,540000,自治区, , ,Anduo
25,面,安福县,360829,安福县,360829,县,吉安市,360800,地级市,江西省,360000,省, , ,Anfu
26,面,安国市,130683,安国市,130683,县级市,保定市,130600,地级市,河北省,130000,省, , ,Anguo
27,面,安化县,430923,安化县,430923,县,益阳市,430900,地级市,湖南省,430000,省, , ,Anhua
28,面,安吉县,330523,安吉县,330523,县,湖州市,330500,地级市,浙江省,330000,省, , ,Anji
29,面,安居区,510904,安居区,510904,市辖区,遂宁市,510900,地级市,四川省,510000,省, , ,Anju
30,面,安龙县,522328,安龙县,522328,县,黔西南布依族苗族自治州,522300,自治州,贵州省,520000,省, , ,Anlong
31,面,安陆市,420982,安陆市,420982,县级市,孝感市,420900,地级市,湖北省,420000,省, , ,Anlu
32,面,安宁区,620105,安宁区,620105,市辖区,兰州市,620100,地级市,甘肃省,620000,省, , ,Anning
33,面,安宁市,530181,安宁市,530181,县级市,昆明市,530100,地级市,云南省,530000,省, , ,Anning
34,面,安平县,131125,安平县,131125,县,衡水市,131100,地级市,河北省,130000,省, , ,Anping
35,面,安丘市,370784,安丘市,370784,县级市,潍坊市,370700,地级市,山东省,370000,省, , ,Anqiu
36,面,安仁县,431028,安仁县,431028,县,郴州市,431000,地级市,湖南省,430000,省, , ,Anren
37,面,安塞区,610603,安塞区,610603,市辖区,延安市,610600,地级市,陕西省,610000,省,安塞县,2016年撤销安塞县，设立安塞区,Ansai
38,面,安图县,222426,安图县,222426,县,延边朝鲜族自治州,222400,自治州,吉林省,220000,省, , ,Antu
39,面,安溪县,350524,安溪县,350524,县,泉州市,350500,地级市,福建省,350000,省, , ,Anxi
40,面,安乡县,430721,安乡县,430721,县,常德市,430700,地级市,湖南省,430000,省, , ,Anxiang
41,面,安新县,130632,安新县,130632,县,保定市,130600,地级市,河北省,130000,省, , ,Anxin
42,面,安阳县,410522,安阳县,410522,县,安阳市,410500,地级市,河南省,410000,省, , ,Anyang
43,面,安义县,360123,安义县,360123,县,南昌市,360100,地级市,江西省,360000,省, , ,Anyi
44,面,安源区,360302,安源区,360302,市辖区,萍乡市,360300,地级市,江西省,360000,省, , ,Anyuan
45,面,安远县,360726,安远县,360726,县,赣州市,360700,地级市,江西省,360000,省, , ,Anyuan
46,面,安岳县,512021,安岳县,512021,县,资阳市,512000,地级市,四川省,510000,省, , ,Anyue
47,面,安泽县,141026,安泽县,141026,县,临汾市,141000,地级市,山西省,140000,省, , ,Anze
48,面,安州区,510705,安州区,510705,市辖区,绵阳市,510700,地级市,四川省,510000,省,安县,2016年撤销安县，设立安州区,Anzhou
49,面,昂昂溪区,230205,昂昂溪区,230205,市辖区,齐齐哈尔市,230200,地级市,黑龙江省,230000,省, , ,Angangxi
50,面,昂仁县,540226,昂仁县,540226,县,日喀则市,540200,地级市,西藏自治区,540000,自治区, , ,Angren
51,面,敖汉旗,150430,敖汉旗,150430,旗,赤峰市,150400,地级市,内蒙古自治区,150000,自治区, , ,Aohan
52,面,澳门特别行政区,820000,不统计,0,不统计,不统计,0,不统计,澳门特别行政区,820000,特别行政区, , ,Macao
53,面,八步区,451102,八步区,451102,市辖区,贺州市,451100,地级市,广西壮族自治区,450000,自治区, , ,Babu
54,面,八公山区,340405,八公山区,340405,市辖区,淮南市,340400,地级市,安徽省,340000,省, , ,Bagongshan
55,面,八宿县,540326,八宿县,540326,县,昌都市,540300,地级市,西藏自治区,540000,自治区, , ,Basu
56,面,巴楚县,653130,巴楚县,653130,县,喀什地区,653100,地区,新疆维吾尔自治区,650000,自治区, , ,Bachu
57,面,巴东县,422823,巴东县,422823,县,恩施土家族苗族自治州,422800,自治州,湖北省,420000,省, , ,Badong
58,面,巴里坤哈萨克自治县,650521,巴里坤哈萨克自治县,650521,自治县,哈密市,650500,地级市,新疆维吾尔自治区,650000,自治区, , ,Balikunhasake
59,面,巴林右旗,150423,巴林右旗,150423,旗,赤峰市,150400,地级市,内蒙古自治区,150000,自治区, , ,Balinyou
60,面,巴林左旗,150422,巴林左旗,150422,旗,赤峰市,150400,地级市,内蒙古自治区,150000,自治区, , ,Balinzuo
61,面,巴马瑶族自治县,451227,巴马瑶族自治县,451227,自治县,河池市,451200,地级市,广西壮族自治区,450000,自治区, , ,Bamayaozu
62,面,巴南区,500113,巴南区,500113,市辖区,不统计,0,不统计,重庆市,500000,直辖市, , ,Banan
63,面,巴青县,540628,巴青县,540628,县,那曲市,540600,地级市,西藏自治区,540000,自治区, , ,Baqing
64,面,巴塘县,513335,巴塘县,513335,县,甘孜藏族自治州,513300,自治州,四川省,510000,省, , ,Batang
65,面,巴彦县,230126,巴彦县,230126,县,哈尔滨市,230100,地级市,黑龙江省,230000,省, , ,Bayan
66,面,巴宜区,540402,巴宜区,540402,市辖区,林芝市,540400,地级市,西藏自治区,540000,自治区,林芝县,2015年撤销林芝县，设立巴宜区,Bayi
67,面,巴州区,511902,巴州区,511902,市辖区,巴中市,511900,地级市,四川省,510000,省, ,2013年拆分巴州区的12个镇、12个乡，划归恩阳区管辖,Bazhou
68,面,鲅鱼圈区,210804,鲅鱼圈区,210804,市辖区,营口市,210800,地级市,辽宁省,210000,省, ,2004年新设立鲅鱼圈区,Bayuquan
69,面,霸州市,131081,霸州市,131081,县级市,廊坊市,131000,地级市,河北省,130000,省, , ,Bazhou
70,面,灞桥区,610111,灞桥区,610111,市辖区,西安市,610100,地级市,陕西省,610000,省, , ,Baqiao
71,面,白河县,610929,白河县,610929,县,安康市,610900,地级市,陕西省,610000,省, , ,Baihe
72,面,白碱滩区,650204,白碱滩区,650204,市辖区,克拉玛依市,650200,地级市,新疆维吾尔自治区,650000,自治区, , ,Baijiantan
73,面,白朗县,540228,白朗县,540228,县,日喀则市,540200,地级市,西藏自治区,540000,自治区, , ,Bailang
74,面,白沙黎族自治县,469025,白沙黎族自治县,469025,自治县,不统计,0,不统计,海南省,460000,省, ,"省直辖县,省直管,是县级单位",Baishalizu
75,面,白水县,610527,白水县,610527,县,渭南市,610500,地级市,陕西省,610000,省, , ,Baishui
76,面,白塔区,211002,白塔区,211002,市辖区,辽阳市,211000,地级市,辽宁省,210000,省, , ,Baita
77,面,白银区,620402,白银区,620402,市辖区,白银市,620400,地级市,甘肃省,620000,省, , ,Baiyin
78,面,白玉县,513331,白玉县,513331,县,甘孜藏族自治州,513300,自治州,四川省,510000,省, , ,Baiyu
79,面,白云鄂博矿区,150206,白云鄂博矿区,150206,市辖区,包头市,150200,地级市,内蒙古自治区,150000,自治区, , ,Baiyunebokuang
80,面,柏乡县,130524,柏乡县,130524,县,邢台市,130500,地级市,河北省,130000,省, , ,Baixiang
81,面,拜城县,652926,拜城县,652926,县,阿克苏地区,652900,地区,新疆维吾尔自治区,650000,自治区, , ,Baicheng
82,面,拜泉县,230231,拜泉县,230231,县,齐齐哈尔市,230200,地级市,黑龙江省,230000,省, , ,Baiquan
83,面,班戈县,540627,班戈县,540627,县,那曲市,540600,地级市,西藏自治区,540000,自治区, , ,Bange
84,面,班玛县,632622,班玛县,632622,县,果洛藏族自治州,632600,自治州,青海省,630000,省, , ,Banma
85,面,蚌山区,340303,蚌山区,340303,市辖区,蚌埠市,340300,地级市,安徽省,340000,省,中市区,2004年中市区更名为蚌山区,Bengshan
86,面,包河区,340111,包河区,340111,市辖区,合肥市,340100,地级市,安徽省,340000,省,郊区,2002年郊区更名为包河区,Baohe
87,面,宝安区,440306,宝安区,440306,市辖区,深圳市,440300,地级市,广东省,440000,省, , ,Baoan
88,面,宝坻区,120115,宝坻区,120115,市辖区,不统计,0,不统计,天津市,120000,直辖市,宝坻县,2001年撤销宝坻县，设立宝坻区,Baodi
89,面,宝丰县,410421,宝丰县,410421,县,平顶山市,410400,地级市,河南省,410000,省, , ,Baofeng
90,面,宝清县,230523,宝清县,230523,县,双鸭山市,230500,地级市,黑龙江省,230000,省, , ,Baoqing
91,面,宝塔区,610602,宝塔区,610602,市辖区,延安市,610600,地级市,陕西省,610000,省, , ,Baota
92,面,宝兴县,511827,宝兴县,511827,县,雅安市,511800,地级市,四川省,510000,省, , ,Baoxing
93,面,宝应县,321023,宝应县,321023,县,扬州市,321000,地级市,江苏省,320000,省, , ,Baoying
94,面,保德县,140931,保德县,140931,县,忻州市,140900,地级市,山西省,140000,省, , ,Baode
95,面,保靖县,433125,保靖县,433125,县,湘西土家族苗族自治州,433100,自治州,湖南省,430000,省, , ,Baojing
96,面,保康县,420626,保康县,420626,县,襄阳市,420600,地级市,湖北省,420000,省, , ,Baokang
97,面,保亭黎族苗族自治县,469029,保亭黎族苗族自治县,469029,自治县,不统计,0,不统计,海南省,460000,省, ,"省直辖县,省直管,是县级单位",Baotinglizumiaozu
98,面,碑林区,610103,碑林区,610103,市辖区,西安市,610100,地级市,陕西省,610000,省, , ,Beilin
99,面,北安市,231181,北安市,231181,县级市,黑河市,231100,地级市,黑龙江省,230000,省, , ,Beian
100,面,北碚区,500109,北碚区,500109,市辖区,不统计,0,不统计,重庆市,500000,直辖市, , ,Beibei
101,面,北辰区,120113,北辰区,120113,市辖区,不统计,0,不统计,天津市,120000,直辖市, , ,Beichen
102,面,北川羌族自治县,510726,北川羌族自治县,510726,自治县,绵阳市,510700,地级市,四川省,510000,省,北川县,2003年撤销北川县，设立北川羌族自治县,Beichuanqiangzu
103,面,北戴河区,130304,北戴河区,130304,市辖区,秦皇岛市,130300,地级市,河北省,130000,省, , ,Beidaihe
104,面,北关区,410503,北关区,410503,市辖区,安阳市,410500,地级市,河南省,410000,省, , ,Beiguan
105,面,北湖区,431002,北湖区,431002,市辖区,郴州市,431000,地级市,湖南省,430000,省, , ,Beihu
106,面,北林区,231202,北林区,231202,市辖区,绥化市,231200,地级市,黑龙江省,230000,省, , ,Beilin
107,面,北流市,450981,北流市,450981,县级市,玉林市,450900,地级市,广西壮族自治区,450000,自治区, , ,Beiliu
108,面,北仑区,330206,北仑区,330206,市辖区,宁波市,330200,地级市,浙江省,330000,省, , ,Beilun
109,面,北票市,211381,北票市,211381,县级市,朝阳市,211300,地级市,辽宁省,210000,省, , ,Beipiao
110,面,北塔区,430511,北塔区,430511,市辖区,邵阳市,430500,地级市,湖南省,430000,省, , ,Beita
111,面,北屯市,659005,北屯市,659005,县级市,不统计,0,不统计,新疆维吾尔自治区,650000,自治区, ,2011年设立县级北屯市，由自治区直辖，是县级单位,Beitun
112,面,北镇市,210782,北镇市,210782,县级市,锦州市,210700,地级市,辽宁省,210000,省, , ,Beizhen
113,面,本溪满族自治县,210521,本溪满族自治县,210521,自治县,本溪市,210500,地级市,辽宁省,210000,省, , ,Benximanzu
114,面,比如县,540622,比如县,540622,县,那曲市,540600,地级市,西藏自治区,540000,自治区, , ,Biru
115,面,碧江区,520602,碧江区,520602,市辖区,铜仁市,520600,地级市,贵州省,520000,省,铜仁市,2011年撤销铜仁市，设立碧江区,Bijiang
116,面,璧山区,500120,璧山区,500120,市辖区,不统计,0,不统计,重庆市,500000,直辖市,璧山县,2014年撤销璧山县，设立璧山区,Bishan
117,面,边坝县,540330,边坝县,540330,县,昌都市,540300,地级市,西藏自治区,540000,自治区, , ,Bianba
118,面,宾川县,532924,宾川县,532924,县,大理白族自治州,532900,自治州,云南省,530000,省, , ,Binchuan
119,面,宾县,230125,宾县,230125,县,哈尔滨市,230100,地级市,黑龙江省,230000,省, , ,Binxian
120,面,宾阳县,450126,宾阳县,450126,县,南宁市,450100,地级市,广西壮族自治区,450000,自治区, , ,Binyang
121,面,彬州市,610482,彬州市,610482,县级市,咸阳市,610400,地级市,陕西省,610000,省,彬县,2018年撤销彬县，设立彬州市,Binzhou
122,面,滨城区,371602,滨城区,371602,市辖区,滨州市,371600,地级市,山东省,370000,省, , ,Bincheng
123,面,滨海县,320922,滨海县,320922,县,盐城市,320900,地级市,江苏省,320000,省, , ,Binhai
124,面,滨海新区,120116,滨海新区,120116,市辖区,不统计,0,不统计,天津市,120000,直辖市,塘沽区、汉沽区、大港区,2009年塘沽区、汉沽区、大港区合并为 滨海新区,Binhaixin
125,面,滨湖区,320211,滨湖区,320211,市辖区,无锡市,320200,地级市,江苏省,320000,省,马山区,2000年撤销马山区和郊区，设立滨湖区,Binhu
126,面,滨江区,330108,滨江区,330108,市辖区,杭州市,330100,地级市,浙江省,330000,省, , ,Binjiang
127,面,波密县,540424,波密县,540424,县,林芝市,540400,地级市,西藏自治区,540000,自治区, , ,Bomi
128,面,播州区,520304,播州区,520304,市辖区,遵义市,520300,地级市,贵州省,520000,省,遵义县,2016年撤销遵义县，设立播州区,Bozhou
129,面,勃利县,230921,勃利县,230921,县,七台河市,230900,地级市,黑龙江省,230000,省, , ,Boli
130,面,博爱县,410822,博爱县,410822,县,焦作市,410800,地级市,河南省,410000,省, , ,Boai
131,面,博白县,450923,博白县,450923,县,玉林市,450900,地级市,广西壮族自治区,450000,自治区, , ,Bobai
132,面,博湖县,652829,博湖县,652829,县,巴音郭楞蒙古自治州,652800,自治州,新疆维吾尔自治区,650000,自治区, , ,Bohu
133,面,博乐市,652701,博乐市,652701,县级市,博尔塔拉蒙古自治州,652700,自治州,新疆维吾尔自治区,650000,自治区, , ,Bole
134,面,博罗县,441322,博罗县,441322,县,惠州市,441300,地级市,广东省,440000,省, , ,Boluo
135,面,博山区,370304,博山区,370304,市辖区,淄博市,370300,地级市,山东省,370000,省, , ,Boshan
136,面,博望区,340506,博望区,340506,市辖区,马鞍山市,340500,地级市,安徽省,340000,省, ,2012年拆分当涂县的三个镇，设立博望区,Bowang
137,面,博兴县,371625,博兴县,371625,县,滨州市,371600,地级市,山东省,370000,省, , ,Boxing
138,面,博野县,130637,博野县,130637,县,保定市,130600,地级市,河北省,130000,省, , ,Boye
139,面,布尔津县,654321,布尔津县,654321,县,阿勒泰地区,654300,地区,新疆维吾尔自治区,650000,自治区, , ,Buerjin
140,面,布拖县,513429,布拖县,513429,县,凉山彝族自治州,513400,自治州,四川省,510000,省, , ,Butuo
141,面,蔡甸区,420114,蔡甸区,420114,市辖区,武汉市,420100,地级市,湖北省,420000,省, , ,Caidian
142,面,仓山区,350104,仓山区,350104,市辖区,福州市,350100,地级市,福建省,350000,省, , ,Cangshan
143,面,苍南县,330327,苍南县,330327,县,温州市,330300,地级市,浙江省,330000,省, , ,Cangnan
144,面,苍梧县,450421,苍梧县,450421,县,梧州市,450400,地级市,广西壮族自治区,450000,自治区, ,2013年拆分苍梧县的4个镇，划归龙圩区管辖,Cangwu
145,面,苍溪县,510824,苍溪县,510824,县,广元市,510800,地级市,四川省,510000,省, , ,Cangxi
146,面,沧县,130921,沧县,130921,县,沧州市,130900,地级市,河北省,130000,省, , ,Cangxian
147,面,沧源佤族自治县,530927,沧源佤族自治县,530927,自治县,临沧市,530900,地级市,云南省,530000,省, , ,Cangyuanwazu
148,面,曹妃甸区,130209,曹妃甸区,130209,市辖区,唐山市,130200,地级市,河北省,130000,省,唐海县,2012年撤销唐海县，设立曹妃甸区,Caofeidian
149,面,曹县,371721,曹县,371721,县,菏泽市,371700,地级市,山东省,370000,省, , ,Caoxian
150,面,册亨县,522327,册亨县,522327,县,黔西南布依族苗族自治州,522300,自治州,贵州省,520000,省, , ,Ceheng
151,面,策勒县,653225,策勒县,653225,县,和田地区,653200,地区,新疆维吾尔自治区,650000,自治区, , ,Cele
152,面,岑巩县,522626,岑巩县,522626,县,黔东南苗族侗族自治州,522600,自治州,贵州省,520000,省, , ,Cengong
153,面,岑溪市,450481,岑溪市,450481,县级市,梧州市,450400,地级市,广西壮族自治区,450000,自治区, , ,Cenxi
154,面,茶陵县,430224,茶陵县,430224,县,株洲市,430200,地级市,湖南省,430000,省, , ,Chaling
155,面,察布查尔锡伯自治县,654022,察布查尔锡伯自治县,654022,自治县,伊犁哈萨克自治州,654000,自治州,新疆维吾尔自治区,650000,自治区, , ,Chabuchaerxibo
156,面,察哈尔右翼后旗,150928,察哈尔右翼后旗,150928,旗,乌兰察布市,150900,地级市,内蒙古自治区,150000,自治区, , ,Chaharrightrearbanner
157,面,察哈尔右翼前旗,150926,察哈尔右翼前旗,150926,旗,乌兰察布市,150900,地级市,内蒙古自治区,150000,自治区, , ,Chaharrightfrontbanner
158,面,察哈尔右翼中旗,150927,察哈尔右翼中旗,150927,旗,乌兰察布市,150900,地级市,内蒙古自治区,150000,自治区, , ,Chaharrightmiddlebanner
159,面,察雅县,540325,察雅县,540325,县,昌都市,540300,地级市,西藏自治区,540000,自治区, , ,Chaya
160,面,察隅县,540425,察隅县,540425,县,林芝市,540400,地级市,西藏自治区,540000,自治区, , ,Chayu
161,面,柴桑区,360404,柴桑区,360404,市辖区,九江市,360400,地级市,江西省,360000,省,九江县,2017年撤销九江县，设立柴桑区,Chaisang
162,面,禅城区,440604,禅城区,440604,市辖区,佛山市,440600,地级市,广东省,440000,省,城区和石湾区,2002年撤销城区和石湾区，设立禅城区,Chancheng
163,面,瀍河回族区,410304,瀍河回族区,410304,市辖区,洛阳市,410300,地级市,河南省,410000,省, , ,Chanhehuizu
164,面,昌吉市,652301,昌吉市,652301,县级市,昌吉回族自治州,652300,自治州,新疆维吾尔自治区,650000,自治区, , ,Changji
165,面,昌江黎族自治县,469026,昌江黎族自治县,469026,自治县,不统计,0,不统计,海南省,460000,省, ,"省直辖县,省直管,是县级单位",Changjianglizu
166,面,昌江区,360202,昌江区,360202,市辖区,景德镇市,360200,地级市,江西省,360000,省, , ,Changjiang
167,面,昌乐县,370725,昌乐县,370725,县,潍坊市,370700,地级市,山东省,370000,省, , ,Changle
168,面,昌黎县,130322,昌黎县,130322,县,秦皇岛市,130300,地级市,河北省,130000,省, , ,Changli
169,面,昌宁县,530524,昌宁县,530524,县,保山市,530500,地级市,云南省,530000,省, , ,Changning
170,面,昌平区,110114,昌平区,110114,市辖区,不统计,0,不统计,北京市,110000,直辖市, , ,Changping
171,面,昌图县,211224,昌图县,211224,县,铁岭市,211200,地级市,辽宁省,210000,省, , ,Changtu
172,面,昌邑区,220202,昌邑区,220202,市辖区,吉林市,220200,地级市,吉林省,220000,省, , ,Changyi
173,面,昌邑市,370786,昌邑市,370786,县级市,潍坊市,370700,地级市,山东省,370000,省, , ,Changyi
174,面,常宁市,430482,常宁市,430482,县级市,衡阳市,430400,地级市,湖南省,430000,省, , ,Changning
175,面,常山县,330822,常山县,330822,县,衢州市,330800,地级市,浙江省,330000,省, , ,Changshan
176,面,常熟市,320581,常熟市,320581,县级市,苏州市,320500,地级市,江苏省,320000,省, , ,Changshu
177,面,巢湖市,340181,巢湖市,340181,县级市,合肥市,340100,地级市,安徽省,340000,省,居巢区,2011年撤销地级巢湖市以及县级居巢区，设立合肥市巢湖市,Chaohu
178,面,朝天区,510812,朝天区,510812,市辖区,广元市,510800,地级市,四川省,510000,省, , ,Chaotian
179,面,朝阳县,211321,朝阳县,211321,县,朝阳市,211300,地级市,辽宁省,210000,省, , ,Chaoyang
180,面,潮安区,445103,潮安区,445103,市辖区,潮州市,445100,地级市,广东省,440000,省,潮安县,2013年撤销潮安县，设立潮安区,Chaoan
181,面,潮南区,440514,潮南区,440514,市辖区,汕头市,440500,地级市,广东省,440000,省, , ,Chaonan
182,面,潮阳区,440513,潮阳区,440513,市辖区,汕头市,440500,地级市,广东省,440000,省,潮阳市,2003年撤销潮阳市，设立潮阳区,Chaoyang
183,面,辰溪县,431223,辰溪县,431223,县,怀化市,431200,地级市,湖南省,430000,省, , ,Chenxi
184,面,陈巴尔虎旗,150725,陈巴尔虎旗,150725,旗,呼伦贝尔市,150700,地级市,内蒙古自治区,150000,自治区, , ,Chenbaerhu
185,面,陈仓区,610304,陈仓区,610304,市辖区,宝鸡市,610300,地级市,陕西省,610000,省,宝鸡县,2003年撤销宝鸡县，设立陈仓区,Chencang
186,面,称多县,632723,称多县,632723,县,玉树藏族自治州,632700,自治州,青海省,630000,省, , ,Chengduo
187,面,成安县,130424,成安县,130424,县,邯郸市,130400,地级市,河北省,130000,省, , ,Chengan
188,面,成华区,510108,成华区,510108,市辖区,成都市,510100,地级市,四川省,510000,省, , ,Chenghua
189,面,成武县,371723,成武县,371723,县,菏泽市,371700,地级市,山东省,370000,省, , ,Chengwu
190,面,成县,621221,成县,621221,县,陇南市,621200,地级市,甘肃省,620000,省, , ,Chengxian
191,面,呈贡区,530114,呈贡区,530114,市辖区,昆明市,530100,地级市,云南省,530000,省,呈贡县,2011年撤销呈贡县，设立呈贡区,Chenggong
192,面,承德县,130821,承德县,130821,县,承德市,130800,地级市,河北省,130000,省, , ,Chengde
193,面,城北区,630105,城北区,630105,市辖区,西宁市,630100,地级市,青海省,630000,省, , ,Chengbei
194,面,城步苗族自治县,430529,城步苗族自治县,430529,自治县,邵阳市,430500,地级市,湖南省,430000,省, , ,Chengbumiaozu
195,面,城东区,630102,城东区,630102,市辖区,西宁市,630100,地级市,青海省,630000,省, , ,Chengdong
196,面,城固县,610722,城固县,610722,县,汉中市,610700,地级市,陕西省,610000,省, , ,Chenggu
197,面,城口县,500229,城口县,500229,县,不统计,0,不统计,重庆市,500000,直辖市, , ,Chengkou
198,面,城西区,630104,城西区,630104,市辖区,西宁市,630100,地级市,青海省,630000,省, , ,Chengxi
199,面,城厢区,350302,城厢区,350302,市辖区,莆田市,350300,地级市,福建省,350000,省, , ,Chengxiang
200,面,城阳区,370214,城阳区,370214,市辖区,青岛市,370200,地级市,山东省,370000,省, , ,Chengyang
201,面,城子河区,230306,城子河区,230306,市辖区,鸡西市,230300,地级市,黑龙江省,230000,省, , ,Chengzihe
202,面,澄城县,610525,澄城县,610525,县,渭南市,610500,地级市,陕西省,610000,省, , ,Chengcheng
203,面,澄海区,440515,澄海区,440515,市辖区,汕头市,440500,地级市,广东省,440000,省,澄海市,2003年撤销澄海市，设立澄海区,Chenghai
204,面,澄江市,530481,澄江市,530481,县级市,玉溪市,530400,地级市,云南省,530000,省,澄江县,2019年撤销澄江县，设立澄江市,Chengjiang
205,面,澄迈县,469023,澄迈县,469023,县,不统计,0,不统计,海南省,460000,省, ,"省直辖县,省直管,是县级单位",Chengmai
206,面,茌平区,371503,茌平区,371503,市辖区,聊城市,371500,地级市,山东省,370000,省,茌平县,2019年撤销茌平县，设立茌平区,Chiping
207,面,赤壁市,421281,赤壁市,421281,县级市,咸宁市,421200,地级市,湖北省,420000,省, , ,Chibi
208,面,赤城县,130732,赤城县,130732,县,张家口市,130700,地级市,河北省,130000,省, , ,Chicheng
209,面,赤坎区,440802,赤坎区,440802,市辖区,湛江市,440800,地级市,广东省,440000,省, , ,Chikan
210,面,赤水市,520381,赤水市,520381,县级市,遵义市,520300,地级市,贵州省,520000,省, , ,Chishui
211,面,崇川区,320613,崇川区,320613,市辖区,南通市,320600,地级市,江苏省,320000,省, ,2020年撤销崇川区、港闸区，设立新的崇川区,Chongchuan
212,面,崇礼区,130709,崇礼区,130709,市辖区,张家口市,130700,地级市,河北省,130000,省,崇礼县,2016年撤销崇礼县，设立崇礼区,Chongli
213,面,崇明区,310151,崇明区,310151,市辖区,不统计,0,不统计,上海市,310000,直辖市,崇明县,2016年撤销崇明县，设立崇明区,Chongming
214,面,崇仁县,361024,崇仁县,361024,县,抚州市,361000,地级市,江西省,360000,省, , ,Chongren
215,面,崇信县,620823,崇信县,620823,县,平凉市,620800,地级市,甘肃省,620000,省, , ,Chongxin
216,面,崇阳县,421223,崇阳县,421223,县,咸宁市,421200,地级市,湖北省,420000,省, , ,Chongyang
217,面,崇义县,360725,崇义县,360725,县,赣州市,360700,地级市,江西省,360000,省, , ,Chongyi
218,面,崇州市,510184,崇州市,510184,县级市,成都市,510100,地级市,四川省,510000,省, , ,Chongzhou
219,面,楚雄市,532301,楚雄市,532301,县级市,楚雄彝族自治州,532300,自治州,云南省,530000,省, , ,Chuxiong
220,面,川汇区,411602,川汇区,411602,市辖区,周口市,411600,地级市,河南省,410000,省, , ,Chuanhui
221,面,船山区,510903,船山区,510903,市辖区,遂宁市,510900,地级市,四川省,510000,省,市中区,2003年撤销市中区，设立船山区,Chuanshan
222,面,船营区,220204,船营区,220204,市辖区,吉林市,220200,地级市,吉林省,220000,省, , ,Chuanying
223,面,淳安县,330127,淳安县,330127,县,杭州市,330100,地级市,浙江省,330000,省, , ,Chunan
224,面,淳化县,610430,淳化县,610430,县,咸阳市,610400,地级市,陕西省,610000,省, , ,Chunhua
225,面,慈利县,430821,慈利县,430821,县,张家界市,430800,地级市,湖南省,430000,省, , ,Cili
226,面,慈溪市,330282,慈溪市,330282,县级市,宁波市,330200,地级市,浙江省,330000,省, , ,Cixi
227,面,磁县,130427,磁县,130427,县,邯郸市,130400,地级市,河北省,130000,省, , ,Cixian
228,面,枞阳县,340722,枞阳县,340722,县,铜陵市,340700,地级市,安徽省,340000,省, ,2015年安庆市枞阳县划归铜陵市管辖,Zongyang
229,面,从化区,440117,从化区,440117,市辖区,广州市,440100,地级市,广东省,440000,省,从化市,2014年撤销从化市，设立从化区,Conghua
230,面,从江县,522633,从江县,522633,县,黔东南苗族侗族自治州,522600,自治州,贵州省,520000,省, , ,Congjiang
231,面,丛台区,130403,丛台区,130403,市辖区,邯郸市,130400,地级市,河北省,130000,省, , ,Congtai
232,面,翠屏区,511502,翠屏区,511502,市辖区,宜宾市,511500,地级市,四川省,510000,省, , ,Cuiping
233,面,措美县,540526,措美县,540526,县,山南市,540500,地级市,西藏自治区,540000,自治区, , ,Cuomei
234,面,措勤县,542527,措勤县,542527,县,阿里地区,542500,地区,西藏自治区,540000,自治区, , ,Cuoqin
235,面,错那市,540530,错那市,540581,县级市,山南市,540500,地级市,西藏自治区,540000,自治区,错那县,2023年撤销错那县，设立错那市,Cuona
236,面,达坂城区,650107,达坂城区,650107,市辖区,乌鲁木齐市,650100,地级市,新疆维吾尔自治区,650000,自治区,南泉区,2002年南泉区更名为达坂城区,Dabancheng
237,面,达川区,511703,达川区,511703,市辖区,达州市,511700,地级市,四川省,510000,省,达县,2013年撤销达县，设立达川区,Dachuan
238,面,达尔罕茂明安联合旗,150223,达尔罕茂明安联合旗,150223,旗,包头市,150200,地级市,内蒙古自治区,150000,自治区, , ,Daerhanmaominganlianhe
239,面,达拉特旗,150621,达拉特旗,150621,旗,鄂尔多斯市,150600,地级市,内蒙古自治区,150000,自治区, , ,Dalate
240,面,达日县,632624,达日县,632624,县,果洛藏族自治州,632600,自治州,青海省,630000,省, , ,Dari
241,面,达孜区,540104,达孜区,540104,市辖区,拉萨市,540100,地级市,西藏自治区,540000,自治区,达孜县,2017年撤销达孜县，设立达孜区,Dazi
242,面,大安市,220882,大安市,220882,县级市,白城市,220800,地级市,吉林省,220000,省, , ,Daan
243,面,大厂回族自治县,131028,大厂回族自治县,131028,自治县,廊坊市,131000,地级市,河北省,130000,省, , ,Dachanghuizu
244,面,大城县,131025,大城县,131025,县,廊坊市,131000,地级市,河北省,130000,省, , ,Dacheng
245,面,大东区,210104,大东区,210104,市辖区,沈阳市,210100,地级市,辽宁省,210000,省, , ,Dadong
246,面,大渡口区,500104,大渡口区,500104,市辖区,不统计,0,不统计,重庆市,500000,直辖市, , ,Dadukou
247,面,大方县,520521,大方县,520521,县,毕节市,520500,地级市,贵州省,520000,省, , ,Dafang
248,面,大丰区,320904,大丰区,320904,市辖区,盐城市,320900,地级市,江苏省,320000,省,大丰市,2015年撤销大丰市，设立大丰区,Dafeng
249,面,大关县,530624,大关县,530624,县,昭通市,530600,地级市,云南省,530000,省, , ,Daguan
250,面,大观区,340803,大观区,340803,市辖区,安庆市,340800,地级市,安徽省,340000,省, , ,Daguan
251,面,大化瑶族自治县,451229,大化瑶族自治县,451229,自治县,河池市,451200,地级市,广西壮族自治区,450000,自治区, , ,Dahuayaozu
252,面,大理市,532901,大理市,532901,县级市,大理白族自治州,532900,自治州,云南省,530000,省, , ,Dali
253,面,大荔县,610523,大荔县,610523,县,渭南市,610500,地级市,陕西省,610000,省, , ,Dali
254,面,大名县,130425,大名县,130425,县,邯郸市,130400,地级市,河北省,130000,省, , ,Daming
255,面,大宁县,141030,大宁县,141030,县,临汾市,141000,地级市,山西省,140000,省, , ,Daning
256,面,大埔县,441422,大埔县,441422,县,梅州市,441400,地级市,广东省,440000,省, , ,Dabu
257,面,大石桥市,210882,大石桥市,210882,县级市,营口市,210800,地级市,辽宁省,210000,省, , ,Dashiqiao
258,面,大田县,350425,大田县,350425,县,三明市,350400,地级市,福建省,350000,省, , ,Datian
259,面,大通回族土族自治县,630121,大通回族土族自治县,630121,自治县,西宁市,630100,地级市,青海省,630000,省, , ,Datonghuizutuzu
260,面,大通区,340402,大通区,340402,市辖区,淮南市,340400,地级市,安徽省,340000,省, ,2003年新设立大通区,Datong
261,面,大洼区,211104,大洼区,211104,市辖区,盘锦市,211100,地级市,辽宁省,210000,省,大洼县,2016年撤销大洼县，设立大洼区,Dawa
262,面,大武口区,640202,大武口区,640202,市辖区,石嘴山市,640200,地级市,宁夏回族自治区,640000,自治区, , ,Dawukou
263,面,大悟县,420922,大悟县,420922,县,孝感市,420900,地级市,湖北省,420000,省, , ,Dawu
264,面,大祥区,430503,大祥区,430503,市辖区,邵阳市,430500,地级市,湖南省,430000,省, , ,Daxiang
265,面,大新县,451424,大新县,451424,县,崇左市,451400,地级市,广西壮族自治区,450000,自治区, , ,Daxin
266,面,大兴区,110115,大兴区,110115,市辖区,不统计,0,不统计,北京市,110000,直辖市,大兴县,2001年撤销大兴县，设立大兴区,Daxing
267,面,大姚县,532326,大姚县,532326,县,楚雄彝族自治州,532300,自治州,云南省,530000,省, , ,Dayao
268,面,大冶市,420281,大冶市,420281,县级市,黄石市,420200,地级市,湖北省,420000,省, , ,Daye
269,面,大邑县,510129,大邑县,510129,县,成都市,510100,地级市,四川省,510000,省, , ,Dayi
270,面,大英县,510923,大英县,510923,县,遂宁市,510900,地级市,四川省,510000,省, , ,Daying
271,面,大余县,360723,大余县,360723,县,赣州市,360700,地级市,江西省,360000,省, , ,Dayu
272,面,大竹县,511724,大竹县,511724,县,达州市,511700,地级市,四川省,510000,省, , ,Dazhu
273,面,大足区,500111,大足区,500111,市辖区,不统计,0,不统计,重庆市,500000,直辖市,大足县(双桥区),2011年撤销大足县和双桥区，设立大足区,Dazu
274,面,代县,140923,代县,140923,县,忻州市,140900,地级市,山西省,140000,省, , ,Daixian
275,面,岱山县,330921,岱山县,330921,县,舟山市,330900,地级市,浙江省,330000,省, , ,Daishan
276,面,岱岳区,370911,岱岳区,370911,市辖区,泰安市,370900,地级市,山东省,370000,省,郊区,2000年撤销郊区，设立岱岳区,Daiyue
277,面,丹巴县,513323,丹巴县,513323,县,甘孜藏族自治州,513300,自治州,四川省,510000,省, , ,Danba
278,面,丹凤县,611022,丹凤县,611022,县,商洛市,611000,地级市,陕西省,610000,省, , ,Danfeng
279,面,丹江口市,420381,丹江口市,420381,县级市,十堰市,420300,地级市,湖北省,420000,省, , ,Danjiangkou
280,面,丹棱县,511424,丹棱县,511424,县,眉山市,511400,地级市,四川省,510000,省, , ,Danling
281,面,丹徒区,321112,丹徒区,321112,市辖区,镇江市,321100,地级市,江苏省,320000,省,丹徒县,2002年撤销丹徒县，设立丹徒区,Dantu
282,面,丹阳市,321181,丹阳市,321181,县级市,镇江市,321100,地级市,江苏省,320000,省, , ,Danyang
283,面,丹寨县,522636,丹寨县,522636,县,黔东南苗族侗族自治州,522600,自治州,贵州省,520000,省, , ,Danzhai
284,面,单县,371722,单县,371722,县,菏泽市,371700,地级市,山东省,370000,省, , ,Shanxian
285,面,郸城县,411625,郸城县,411625,县,周口市,411600,地级市,河南省,410000,省, , ,Dancheng
286,面,儋州市,460400,不统计,0,不统计,儋州市,460400,地级市,海南省,460000,省, ,2015年撤销县级儋州市，设立地级儋州市,Danzhou
287,面,当涂县,340521,当涂县,340521,县,马鞍山市,340500,地级市,安徽省,340000,省, , ,Dangtu
288,面,当雄县,540122,当雄县,540122,县,拉萨市,540100,地级市,西藏自治区,540000,自治区, , ,Dangxiong
289,面,当阳市,420582,当阳市,420582,县级市,宜昌市,420500,地级市,湖北省,420000,省, , ,Dangyang
290,面,砀山县,341321,砀山县,341321,县,宿州市,341300,地级市,安徽省,340000,省, , ,Dangshan
291,面,宕昌县,621223,宕昌县,621223,县,陇南市,621200,地级市,甘肃省,620000,省, , ,Dangchang
292,面,道孚县,513326,道孚县,513326,县,甘孜藏族自治州,513300,自治州,四川省,510000,省, , ,Daofu
293,面,道里区,230102,道里区,230102,市辖区,哈尔滨市,230100,地级市,黑龙江省,230000,省, , ,Daoli
294,面,道外区,230104,道外区,230104,市辖区,哈尔滨市,230100,地级市,黑龙江省,230000,省, ,2006年新设立道外区,Daowai
295,面,道县,431124,道县,431124,县,永州市,431100,地级市,湖南省,430000,省, , ,Daoxian
296,面,道真仡佬族苗族自治县,520325,道真仡佬族苗族自治县,520325,自治县,遵义市,520300,地级市,贵州省,520000,省, , ,Daozhengelaozumiaozu
297,面,稻城县,513337,稻城县,513337,县,甘孜藏族自治州,513300,自治州,四川省,510000,省, , ,Daocheng
298,面,得荣县,513338,得荣县,513338,县,甘孜藏族自治州,513300,自治州,四川省,510000,省, , ,Derong
299,面,德安县,360426,德安县,360426,县,九江市,360400,地级市,江西省,360000,省, , ,Dean
300,面,德保县,451024,德保县,451024,县,百色市,451000,地级市,广西壮族自治区,450000,自治区, , ,Debao
301,面,德昌县,513424,德昌县,513424,县,凉山彝族自治州,513400,自治州,四川省,510000,省, , ,Dechang
302,面,德城区,371402,德城区,371402,市辖区,德州市,371400,地级市,山东省,370000,省, , ,Decheng
303,面,德格县,513330,德格县,513330,县,甘孜藏族自治州,513300,自治州,四川省,510000,省, , ,Dege
304,面,德化县,350526,德化县,350526,县,泉州市,350500,地级市,福建省,350000,省, , ,Dehua
305,面,德惠市,220183,德惠市,220183,县级市,长春市,220100,地级市,吉林省,220000,省, , ,Dehui
306,面,德江县,520626,德江县,520626,县,铜仁市,520600,地级市,贵州省,520000,省, , ,Dejiang
307,面,德令哈市,632802,德令哈市,632802,县级市,海西蒙古族藏族自治州,632800,自治州,青海省,630000,省, , ,Delingha
308,面,德钦县,533422,德钦县,533422,县,迪庆藏族自治州,533400,自治州,云南省,530000,省, , ,Deqin
309,面,德清县,330521,德清县,330521,县,湖州市,330500,地级市,浙江省,330000,省, , ,Deqing
310,面,德庆县,441226,德庆县,441226,县,肇庆市,441200,地级市,广东省,440000,省, , ,Deqing
311,面,德兴市,361181,德兴市,361181,县级市,上饶市,361100,地级市,江西省,360000,省, , ,Dexing
312,面,灯塔市,211081,灯塔市,211081,县级市,辽阳市,211000,地级市,辽宁省,210000,省, , ,Dengta
313,面,登封市,410185,登封市,410185,县级市,郑州市,410100,地级市,河南省,410000,省, , ,Dengfeng
314,面,邓州市,411381,邓州市,411381,县级市,南阳市,411300,地级市,河南省,410000,省, , ,Dengzhou
315,面,磴口县,150822,磴口县,150822,县,巴彦淖尔市,150800,地级市,内蒙古自治区,150000,自治区, , ,Dengkou
316,面,滴道区,230304,滴道区,230304,市辖区,鸡西市,230300,地级市,黑龙江省,230000,省, , ,Didao
317,面,点军区,420504,点军区,420504,市辖区,宜昌市,420500,地级市,湖北省,420000,省, , ,Dianjun
318,面,电白区,440904,电白区,440904,市辖区,茂名市,440900,地级市,广东省,440000,省, ,撤销茂港区、电白县，新设电白区,Dianbai
319,面,垫江县,500231,垫江县,500231,县,不统计,0,不统计,重庆市,500000,直辖市, , ,Dianjiang
320,面,调兵山市,211281,调兵山市,211281,县级市,铁岭市,211200,地级市,辽宁省,210000,省,铁法市,2002年铁法市更名为调兵山市,Diaobingshan
321,面,迭部县,623024,迭部县,623024,县,甘南藏族自治州,623000,自治州,甘肃省,620000,省, , ,Diebu
322,面,叠彩区,450303,叠彩区,450303,市辖区,桂林市,450300,地级市,广西壮族自治区,450000,自治区, , ,Diecai
323,面,丁青县,540324,丁青县,540324,县,昌都市,540300,地级市,西藏自治区,540000,自治区, , ,Dingqing
324,面,鼎城区,430703,鼎城区,430703,市辖区,常德市,430700,地级市,湖南省,430000,省, , ,Dingcheng
325,面,鼎湖区,441203,鼎湖区,441203,市辖区,肇庆市,441200,地级市,广东省,440000,省, , ,Dinghu
326,面,定安县,469021,定安县,469021,县,不统计,0,不统计,海南省,460000,省, ,"省直辖县,省直管,是县级单位",Dingan
327,面,定边县,610825,定边县,610825,县,榆林市,610800,地级市,陕西省,610000,省, , ,Dingbian
328,面,定海区,330902,定海区,330902,市辖区,舟山市,330900,地级市,浙江省,330000,省, , ,Dinghai
329,面,定结县,540231,定结县,540231,县,日喀则市,540200,地级市,西藏自治区,540000,自治区, , ,Dingjie
330,面,定南县,360728,定南县,360728,县,赣州市,360700,地级市,江西省,360000,省, , ,Dingnan
331,面,定日县,540223,定日县,540223,县,日喀则市,540200,地级市,西藏自治区,540000,自治区, , ,Dingri
332,面,定陶区,371703,定陶区,371703,市辖区,菏泽市,371700,地级市,山东省,370000,省,定陶县,2016年撤销定陶县，设立定陶区,Dingtao
333,面,定襄县,140921,定襄县,140921,县,忻州市,140900,地级市,山西省,140000,省, , ,Dingxiang
334,面,定兴县,130626,定兴县,130626,县,保定市,130600,地级市,河北省,130000,省, , ,Dingxing
335,面,定远县,341125,定远县,341125,县,滁州市,341100,地级市,安徽省,340000,省, , ,Dingyuan
336,面,定州市,130682,定州市,130682,县级市,保定市,130600,地级市,河北省,130000,省, , ,Dingzhou
337,面,东阿县,371524,东阿县,371524,县,聊城市,371500,地级市,山东省,370000,省, , ,Donge
338,面,东安区,231002,东安区,231002,市辖区,牡丹江市,231000,地级市,黑龙江省,230000,省, , ,Dongan
339,面,东安县,431122,东安县,431122,县,永州市,431100,地级市,湖南省,430000,省, , ,Dongan
340,面,东宝区,420802,东宝区,420802,市辖区,荆门市,420800,地级市,湖北省,420000,省, , ,Dongbao
341,面,东昌府区,371502,东昌府区,371502,市辖区,聊城市,371500,地级市,山东省,370000,省, , ,Dongchangfu
342,面,东昌区,220502,东昌区,220502,市辖区,通化市,220500,地级市,吉林省,220000,省, , ,Dongchang
343,面,东城区,110101,东城区,110101,市辖区,不统计,0,不统计,北京市,110000,直辖市,崇文区(东城区),2010年撤销崇文区，合并到东城区,Dongcheng
344,面,东川区,530113,东川区,530113,市辖区,昆明市,530100,地级市,云南省,530000,省, , ,Dongchuan
345,面,东方市,469007,东方市,469007,县级市,不统计,0,不统计,海南省,460000,省, ,"省直辖市,省直管,是县级单位",Dongfang
346,面,东丰县,220421,东丰县,220421,县,辽源市,220400,地级市,吉林省,220000,省, , ,Dongfeng
347,面,东港区,371102,东港区,371102,市辖区,日照市,371100,地级市,山东省,370000,省, , ,Donggang
348,面,东港市,210681,东港市,210681,县级市,丹东市,210600,地级市,辽宁省,210000,省, , ,Donggang
349,面,东莞市,441900,不统计,0,不统计,东莞市,441900,地级市,广东省,440000,省, , ,Dongguan
350,面,东光县,130923,东光县,130923,县,沧州市,130900,地级市,河北省,130000,省, , ,Dongguang
351,面,东海县,320722,东海县,320722,县,连云港市,320700,地级市,江苏省,320000,省, , ,Donghai
352,面,东河区,150202,东河区,150202,市辖区,包头市,150200,地级市,内蒙古自治区,150000,自治区, , ,Donghe
353,面,东湖区,360102,东湖区,360102,市辖区,南昌市,360100,地级市,江西省,360000,省, , ,Donghu
354,面,东兰县,451224,东兰县,451224,县,河池市,451200,地级市,广西壮族自治区,450000,自治区, , ,Donglan
355,面,东丽区,120110,东丽区,120110,市辖区,不统计,0,不统计,天津市,120000,直辖市, , ,Dongli
356,面,东辽县,220422,东辽县,220422,县,辽源市,220400,地级市,吉林省,220000,省, , ,Dongliao
357,面,东明县,371728,东明县,371728,县,菏泽市,371700,地级市,山东省,370000,省, , ,Dongming
358,面,东宁市,231086,东宁市,231086,县级市,牡丹江市,231000,地级市,黑龙江省,230000,省,东宁县,2015年撤销东宁县，设立东宁市,Dongning
359,面,东平县,370923,东平县,370923,县,泰安市,370900,地级市,山东省,370000,省, , ,Dongping
360,面,东坡区,511402,东坡区,511402,市辖区,眉山市,511400,地级市,四川省,510000,省, , ,Dongpo
361,面,东区,510402,东区,510402,市辖区,攀枝花市,510400,地级市,四川省,510000,省, , ,Dongqu
362,面,东山县,350626,东山县,350626,县,漳州市,350600,地级市,福建省,350000,省, , ,Dongshan
363,面,东胜区,150602,东胜区,150602,市辖区,鄂尔多斯市,150600,地级市,内蒙古自治区,150000,自治区, , ,Dongsheng
364,面,东台市,320981,东台市,320981,县级市,盐城市,320900,地级市,江苏省,320000,省, , ,Dongtai
365,面,东乌珠穆沁旗,152525,东乌珠穆沁旗,152525,旗,锡林郭勒盟,152500,盟,内蒙古自治区,150000,自治区, , ,Dongwuzhumuqin
366,面,东西湖区,420112,东西湖区,420112,市辖区,武汉市,420100,地级市,湖北省,420000,省, , ,Dongxihu
367,面,东乡区,361003,东乡区,361003,市辖区,抚州市,361000,地级市,江西省,360000,省,东乡县,2016年撤销东乡县，设立东乡区,Dongxiang
368,面,东乡族自治县,622926,东乡族自治县,622926,自治县,临夏回族自治州,622900,自治州,甘肃省,620000,省, , ,Dongxiangzu
369,面,东兴区,511011,东兴区,511011,市辖区,内江市,511000,地级市,四川省,510000,省, , ,Dongxing
370,面,东兴市,450681,东兴市,450681,县级市,防城港市,450600,地级市,广西壮族自治区,450000,自治区, , ,Dongxing
371,面,东阳市,330783,东阳市,330783,县级市,金华市,330700,地级市,浙江省,330000,省, , ,Dongyang
372,面,东营区,370502,东营区,370502,市辖区,东营市,370500,地级市,山东省,370000,省, , ,Dongying
373,面,东源县,441625,东源县,441625,县,河源市,441600,地级市,广东省,440000,省, , ,Dongyuan
374,面,东至县,341721,东至县,341721,县,池州市,341700,地级市,安徽省,340000,省, , ,Dongzhi
375,面,东洲区,210403,东洲区,210403,市辖区,抚顺市,210400,地级市,辽宁省,210000,省, , ,Dongzhou
376,面,洞口县,430525,洞口县,430525,县,邵阳市,430500,地级市,湖南省,430000,省, , ,Dongkou
377,面,洞头区,330305,洞头区,330305,市辖区,温州市,330300,地级市,浙江省,330000,省,洞头县,2015年撤销洞头县，设立洞头区,Dongtou
378,面,都安瑶族自治县,451228,都安瑶族自治县,451228,自治县,河池市,451200,地级市,广西壮族自治区,450000,自治区, , ,Duanyaozu
379,面,都昌县,360428,都昌县,360428,县,九江市,360400,地级市,江西省,360000,省, , ,Duchang
380,面,都江堰市,510181,都江堰市,510181,县级市,成都市,510100,地级市,四川省,510000,省, , ,Dujiangyan
381,面,都兰县,632822,都兰县,632822,县,海西蒙古族藏族自治州,632800,自治州,青海省,630000,省, , ,Dulan
382,面,都匀市,522701,都匀市,522701,县级市,黔南布依族苗族自治州,522700,自治州,贵州省,520000,省, , ,Duyun
383,面,斗门区,440403,斗门区,440403,市辖区,珠海市,440400,地级市,广东省,440000,省,斗门县,2001年撤销斗门县，设立斗门区,Doumen
384,面,独山县,522726,独山县,522726,县,黔南布依族苗族自治州,522700,自治州,贵州省,520000,省, , ,Dushan
385,面,独山子区,650202,独山子区,650202,市辖区,克拉玛依市,650200,地级市,新疆维吾尔自治区,650000,自治区, , ,Dushanzi
386,面,杜尔伯特蒙古族自治县,230624,杜尔伯特蒙古族自治县,230624,自治县,大庆市,230600,地级市,黑龙江省,230000,省, , ,Duerbotemengguzu
387,面,杜集区,340602,杜集区,340602,市辖区,淮北市,340600,地级市,安徽省,340000,省, , ,Duji
388,面,端州区,441202,端州区,441202,市辖区,肇庆市,441200,地级市,广东省,440000,省, , ,Duanzhou
389,面,堆龙德庆区,540103,堆龙德庆区,540103,市辖区,拉萨市,540100,地级市,西藏自治区,540000,自治区,堆龙德庆县,2015年撤销堆龙德庆县，设立堆龙德庆区,Duilongdeqing
390,面,敦化市,222403,敦化市,222403,县级市,延边朝鲜族自治州,222400,自治州,吉林省,220000,省, , ,Dunhua
391,面,敦煌市,620982,敦煌市,620982,县级市,酒泉市,620900,地级市,甘肃省,620000,省, , ,Dunhuang
392,面,多伦县,152531,多伦县,152531,县,锡林郭勒盟,152500,盟,内蒙古自治区,150000,自治区, , ,Duolun
393,面,掇刀区,420804,掇刀区,420804,市辖区,荆门市,420800,地级市,湖北省,420000,省, , ,Duodao
394,面,峨边彝族自治县,511132,峨边彝族自治县,511132,自治县,乐山市,511100,地级市,四川省,510000,省, , ,Ebianyizu
395,面,峨眉山市,511181,峨眉山市,511181,县级市,乐山市,511100,地级市,四川省,510000,省, , ,Emeishan
396,面,峨山彝族自治县,530426,峨山彝族自治县,530426,自治县,玉溪市,530400,地级市,云南省,530000,省, , ,Eshanyizu
397,面,额尔古纳市,150784,额尔古纳市,150784,县级市,呼伦贝尔市,150700,地级市,内蒙古自治区,150000,自治区, , ,Eerguna
398,面,额济纳旗,152923,额济纳旗,152923,旗,阿拉善盟,152900,盟,内蒙古自治区,150000,自治区, , ,Ejina
399,面,额敏县,654221,额敏县,654221,县,塔城地区,654200,地区,新疆维吾尔自治区,650000,自治区, , ,Emin
400,面,鄂城区,420704,鄂城区,420704,市辖区,鄂州市,420700,地级市,湖北省,420000,省, , ,Echeng
401,面,鄂伦春自治旗,150723,鄂伦春自治旗,150723,自治旗,呼伦贝尔市,150700,地级市,内蒙古自治区,150000,自治区, , ,Elunchun
402,面,鄂托克旗,150624,鄂托克旗,150624,旗,鄂尔多斯市,150600,地级市,内蒙古自治区,150000,自治区, , ,Etuoke
403,面,鄂托克前旗,150623,鄂托克前旗,150623,旗,鄂尔多斯市,150600,地级市,内蒙古自治区,150000,自治区, , ,Etuokeqian
404,面,鄂温克族自治旗,150724,鄂温克族自治旗,150724,自治旗,呼伦贝尔市,150700,地级市,内蒙古自治区,150000,自治区, , ,Ewenkezu
405,面,恩平市,440785,恩平市,440785,县级市,江门市,440700,地级市,广东省,440000,省, , ,Enping
406,面,恩施市,422801,恩施市,422801,县级市,恩施土家族苗族自治州,422800,自治州,湖北省,420000,省, , ,Enshi
407,面,恩阳区,511903,恩阳区,511903,市辖区,巴中市,511900,地级市,四川省,510000,省, , ,Enyang
408,面,洱源县,532930,洱源县,532930,县,大理白族自治州,532900,自治州,云南省,530000,省, , ,Eryuan
409,面,二道江区,220503,二道江区,220503,市辖区,通化市,220500,地级市,吉林省,220000,省, , ,Erdaojiang
410,面,二道区,220105,二道区,220105,市辖区,长春市,220100,地级市,吉林省,220000,省, , ,Erdao
411,面,二连浩特市,152501,二连浩特市,152501,县级市,锡林郭勒盟,152500,盟,内蒙古自治区,150000,自治区, , ,Erlianhaote
412,面,二七区,410103,二七区,410103,市辖区,郑州市,410100,地级市,河南省,410000,省, , ,Erqi
413,面,法库县,210124,法库县,210124,县,沈阳市,210100,地级市,辽宁省,210000,省, , ,Faku
414,面,番禺区,440113,番禺区,440113,市辖区,广州市,440100,地级市,广东省,440000,省, ,2012年将东涌镇、大岗镇、榄核镇划归南沙区,Panyu
415,面,樊城区,420606,樊城区,420606,市辖区,襄阳市,420600,地级市,湖北省,420000,省, , ,Fancheng
416,面,繁昌区,340212,繁昌区,340212,市辖区,芜湖市,340200,地级市,安徽省,340000,省,繁昌县,2020年撤销繁昌县，设立繁昌区,Fanchang
417,面,繁峙县,140924,繁峙县,140924,县,忻州市,140900,地级市,山西省,140000,省, , ,Fanshi
418,面,范县,410926,范县,410926,县,濮阳市,410900,地级市,河南省,410000,省, , ,Fanxian
419,面,方城县,411322,方城县,411322,县,南阳市,411300,地级市,河南省,410000,省, , ,Fangcheng
420,面,方山县,141128,方山县,141128,县,吕梁市,141100,地级市,山西省,140000,省, , ,Fangshan
421,面,方正县,230124,方正县,230124,县,哈尔滨市,230100,地级市,黑龙江省,230000,省, , ,Fangzheng
422,面,坊子区,370704,坊子区,370704,市辖区,潍坊市,370700,地级市,山东省,370000,省, , ,Fangzi
423,面,防城区,450603,防城区,450603,市辖区,防城港市,450600,地级市,广西壮族自治区,450000,自治区, , ,Fangcheng
424,面,房山区,110111,房山区,110111,市辖区,不统计,0,不统计,北京市,110000,直辖市, , ,Fangshan
425,面,房县,420325,房县,420325,县,十堰市,420300,地级市,湖北省,420000,省, , ,Fangxian
426,面,肥城市,370983,肥城市,370983,县级市,泰安市,370900,地级市,山东省,370000,省, , ,Feicheng
427,面,肥东县,340122,肥东县,340122,县,合肥市,340100,地级市,安徽省,340000,省, , ,Feidong
428,面,肥西县,340123,肥西县,340123,县,合肥市,340100,地级市,安徽省,340000,省, , ,Feixi
429,面,肥乡区,130407,肥乡区,130407,市辖区,邯郸市,130400,地级市,河北省,130000,省,肥乡县,2016年撤销肥乡县，设立肥乡区,Feixiang
430,面,费县,371325,费县,371325,县,临沂市,371300,地级市,山东省,370000,省, , ,Feixian
431,面,分宜县,360521,分宜县,360521,县,新余市,360500,地级市,江西省,360000,省, , ,Fenyi
432,面,汾西县,141034,汾西县,141034,县,临汾市,141000,地级市,山西省,140000,省, , ,Fenxi
433,面,汾阳市,141182,汾阳市,141182,县级市,吕梁市,141100,地级市,山西省,140000,省, , ,Fenyang
434,面,丰城市,360981,丰城市,360981,县级市,宜春市,360900,地级市,江西省,360000,省, , ,Fengcheng
435,面,丰都县,500230,丰都县,500230,县,不统计,0,不统计,重庆市,500000,直辖市, , ,Fengdu
436,面,丰满区,220211,丰满区,220211,市辖区,吉林市,220200,地级市,吉林省,220000,省, , ,Fengman
437,面,丰南区,130207,丰南区,130207,市辖区,唐山市,130200,地级市,河北省,130000,省,丰南市,2002年撤销丰南市，设立丰南区,Fengnan
438,面,丰宁满族自治县,130826,丰宁满族自治县,130826,自治县,承德市,130800,地级市,河北省,130000,省, , ,Fengningmanzu
439,面,丰润区,130208,丰润区,130208,市辖区,唐山市,130200,地级市,河北省,130000,省,丰润县和新区,2002年撤销丰润县和新区，设立丰润区,Fengrun
440,面,丰顺县,441423,丰顺县,441423,县,梅州市,441400,地级市,广东省,440000,省, , ,Fengshun
441,面,丰台区,110106,丰台区,110106,市辖区,不统计,0,不统计,北京市,110000,直辖市, , ,Fengtai
442,面,丰县,320321,丰县,320321,县,徐州市,320300,地级市,江苏省,320000,省, , ,Fengxian
443,面,丰泽区,350503,丰泽区,350503,市辖区,泉州市,350500,地级市,福建省,350000,省, , ,Fengze
444,面,丰镇市,150981,丰镇市,150981,县级市,乌兰察布市,150900,地级市,内蒙古自治区,150000,自治区, , ,Fengzhen
445,面,封开县,441225,封开县,441225,县,肇庆市,441200,地级市,广东省,440000,省, , ,Fengkai
446,面,封丘县,410727,封丘县,410727,县,新乡市,410700,地级市,河南省,410000,省, , ,Fengqiu
447,面,峰峰矿区,130406,峰峰矿区,130406,市辖区,邯郸市,130400,地级市,河北省,130000,省, , ,Fengfengkuang
448,面,凤城市,210682,凤城市,210682,县级市,丹东市,210600,地级市,辽宁省,210000,省, , ,Fengcheng
449,面,凤冈县,520327,凤冈县,520327,县,遵义市,520300,地级市,贵州省,520000,省, , ,Fenggang
450,面,凤凰县,433123,凤凰县,433123,县,湘西土家族苗族自治州,433100,自治州,湖南省,430000,省, , ,Fenghuang
451,面,凤庆县,530921,凤庆县,530921,县,临沧市,530900,地级市,云南省,530000,省, , ,Fengqing
452,面,凤泉区,410704,凤泉区,410704,市辖区,新乡市,410700,地级市,河南省,410000,省,北站区,2003年北站区更名为凤泉区,Fengquan
453,面,凤山县,451223,凤山县,451223,县,河池市,451200,地级市,广西壮族自治区,450000,自治区, , ,Fengshan
454,面,凤台县,340421,凤台县,340421,县,淮南市,340400,地级市,安徽省,340000,省, , ,Fengtai
455,面,凤县,610330,凤县,610330,县,宝鸡市,610300,地级市,陕西省,610000,省, , ,Fengxian
456,面,凤翔区,610305,凤翔区,610305,市辖区,宝鸡市,610300,地级市,陕西省,610000,省,凤翔县,2021年撤销凤翔县，设立凤翔区,Fengxiang
457,面,凤阳县,341126,凤阳县,341126,县,滁州市,341100,地级市,安徽省,340000,省, , ,Fengyang
458,面,奉化区,330213,奉化区,330213,市辖区,宁波市,330200,地级市,浙江省,330000,省,奉化市,2016年撤销奉化市，设立奉化区,Fenghua
459,面,奉节县,500236,奉节县,500236,县,不统计,0,不统计,重庆市,500000,直辖市, , ,Fengjie
460,面,奉贤区,310120,奉贤区,310120,市辖区,不统计,0,不统计,上海市,310000,直辖市,奉贤县,2001年撤销奉贤县，设立奉贤区,Fengxian
461,面,奉新县,360921,奉新县,360921,县,宜春市,360900,地级市,江西省,360000,省, , ,Fengxin
462,面,扶风县,610324,扶风县,610324,县,宝鸡市,610300,地级市,陕西省,610000,省, , ,Fufeng
463,面,扶沟县,411621,扶沟县,411621,县,周口市,411600,地级市,河南省,410000,省, , ,Fugou
464,面,扶绥县,451421,扶绥县,451421,县,崇左市,451400,地级市,广西壮族自治区,450000,自治区, , ,Fusui
465,面,扶余市,220781,扶余市,220781,县级市,松原市,220700,地级市,吉林省,220000,省,扶余县,2013年撤销扶余县，设立扶余市,Fuyu
466,面,芙蓉区,430102,芙蓉区,430102,市辖区,长沙市,430100,地级市,湖南省,430000,省, , ,Furong
467,面,佛冈县,441821,佛冈县,441821,县,清远市,441800,地级市,广东省,440000,省, , ,Fogang
468,面,佛坪县,610730,佛坪县,610730,县,汉中市,610700,地级市,陕西省,610000,省, , ,Foping
469,面,浮梁县,360222,浮梁县,360222,县,景德镇市,360200,地级市,江西省,360000,省, , ,Fuliang
470,面,浮山县,141027,浮山县,141027,县,临汾市,141000,地级市,山西省,140000,省, , ,Fushan
471,面,涪城区,510703,涪城区,510703,市辖区,绵阳市,510700,地级市,四川省,510000,省, , ,Fucheng
472,面,涪陵区,500102,涪陵区,500102,市辖区,不统计,0,不统计,重庆市,500000,直辖市, , ,Fuling
473,面,福安市,350981,福安市,350981,县级市,宁德市,350900,地级市,福建省,350000,省, , ,Fuan
474,面,福鼎市,350982,福鼎市,350982,县级市,宁德市,350900,地级市,福建省,350000,省, , ,Fuding
475,面,福贡县,533323,福贡县,533323,县,怒江傈僳族自治州,533300,自治州,云南省,530000,省, , ,Fugong
476,面,福海县,654323,福海县,654323,县,阿勒泰地区,654300,地区,新疆维吾尔自治区,650000,自治区, , ,Fuhai
477,面,福绵区,450903,福绵区,450903,市辖区,玉林市,450900,地级市,广西壮族自治区,450000,自治区, , ,Fumian
478,面,福清市,350181,福清市,350181,县级市,福州市,350100,地级市,福建省,350000,省, , ,Fuqing
479,面,福泉市,522702,福泉市,522702,县级市,黔南布依族苗族自治州,522700,自治州,贵州省,520000,省, , ,Fuquan
480,面,福山区,370611,福山区,370611,市辖区,烟台市,370600,地级市,山东省,370000,省, , ,Fushan
481,面,福田区,440304,福田区,440304,市辖区,深圳市,440300,地级市,广东省,440000,省, , ,Futian
482,面,抚宁区,130306,抚宁区,130306,市辖区,秦皇岛市,130300,地级市,河北省,130000,省,抚宁县,2015年撤销抚宁县，设立抚宁区,Funing
483,面,抚顺县,210421,抚顺县,210421,县,抚顺市,210400,地级市,辽宁省,210000,省, , ,Fushun
484,面,抚松县,220621,抚松县,220621,县,白山市,220600,地级市,吉林省,220000,省, , ,Fusong
485,面,府谷县,610822,府谷县,610822,县,榆林市,610800,地级市,陕西省,610000,省, , ,Fugu
486,面,阜城县,131128,阜城县,131128,县,衡水市,131100,地级市,河北省,130000,省, , ,Fucheng
487,面,阜康市,652302,阜康市,652302,县级市,昌吉回族自治州,652300,自治州,新疆维吾尔自治区,650000,自治区, , ,Fukang
488,面,阜南县,341225,阜南县,341225,县,阜阳市,341200,地级市,安徽省,340000,省, , ,Funan
489,面,阜宁县,320923,阜宁县,320923,县,盐城市,320900,地级市,江苏省,320000,省, , ,Funing
490,面,阜平县,130624,阜平县,130624,县,保定市,130600,地级市,河北省,130000,省, , ,Fuping
491,面,阜新蒙古族自治县,210921,阜新蒙古族自治县,210921,自治县,阜新市,210900,地级市,辽宁省,210000,省, , ,Fuxinmengguzu
492,面,复兴区,130404,复兴区,130404,市辖区,邯郸市,130400,地级市,河北省,130000,省, , ,Fuxing
493,面,富川瑶族自治县,451123,富川瑶族自治县,451123,自治县,贺州市,451100,地级市,广西壮族自治区,450000,自治区, , ,Fuchuanyaozu
494,面,富锦市,230882,富锦市,230882,县级市,佳木斯市,230800,地级市,黑龙江省,230000,省, , ,Fujin
495,面,富拉尔基区,230206,富拉尔基区,230206,市辖区,齐齐哈尔市,230200,地级市,黑龙江省,230000,省, , ,Fulaerji
496,面,富民县,530124,富民县,530124,县,昆明市,530100,地级市,云南省,530000,省, , ,Fumin
497,面,富宁县,532628,富宁县,532628,县,文山壮族苗族自治州,532600,自治州,云南省,530000,省, , ,Funing
498,面,富平县,610528,富平县,610528,县,渭南市,610500,地级市,陕西省,610000,省, , ,Fuping
499,面,富顺县,510322,富顺县,510322,县,自贡市,510300,地级市,四川省,510000,省, , ,Fushun
500,面,富县,610628,富县,610628,县,延安市,610600,地级市,陕西省,610000,省, , ,Fuxian
501,面,富阳区,330111,富阳区,330111,市辖区,杭州市,330100,地级市,浙江省,330000,省,富阳市,2014年撤销富阳市，设立富阳区,Fuyang
502,面,富裕县,230227,富裕县,230227,县,齐齐哈尔市,230200,地级市,黑龙江省,230000,省, , ,Fuyu
503,面,富源县,530325,富源县,530325,县,曲靖市,530300,地级市,云南省,530000,省, , ,Fuyuan
504,面,富蕴县,654322,富蕴县,654322,县,阿勒泰地区,654300,地区,新疆维吾尔自治区,650000,自治区, , ,Fuyun
505,面,伽师县,653129,伽师县,653129,县,喀什地区,653100,地区,新疆维吾尔自治区,650000,自治区, , ,Jiashi
506,面,噶尔县,542523,噶尔县,542523,县,阿里地区,542500,地区,西藏自治区,540000,自治区, , ,Gaer
507,面,改则县,542526,改则县,542526,县,阿里地区,542500,地区,西藏自治区,540000,自治区, , ,Gaize
508,面,盖州市,210881,盖州市,210881,县级市,营口市,210800,地级市,辽宁省,210000,省, , ,Gaizhou
509,面,甘德县,632623,甘德县,632623,县,果洛藏族自治州,632600,自治州,青海省,630000,省, , ,Gande
510,面,甘谷县,620523,甘谷县,620523,县,天水市,620500,地级市,甘肃省,620000,省, , ,Gangu
511,面,甘洛县,513435,甘洛县,513435,县,凉山彝族自治州,513400,自治州,四川省,510000,省, , ,Ganluo
512,面,甘南县,230225,甘南县,230225,县,齐齐哈尔市,230200,地级市,黑龙江省,230000,省, , ,Gannan
513,面,甘泉县,610627,甘泉县,610627,县,延安市,610600,地级市,陕西省,610000,省, , ,Ganquan
514,面,甘州区,620702,甘州区,620702,市辖区,张掖市,620700,地级市,甘肃省,620000,省,张掖市,2002年撤销张掖市，设立甘州区,Ganzhou
515,面,甘孜县,513328,甘孜县,513328,县,甘孜藏族自治州,513300,自治州,四川省,510000,省, , ,Ganzi
516,面,赣县区,360704,赣县区,360704,市辖区,赣州市,360700,地级市,江西省,360000,省,赣县,2016年撤销赣县，设立赣县区,Ganxian
517,面,赣榆区,320707,赣榆区,320707,市辖区,连云港市,320700,地级市,江苏省,320000,省,赣榆县,2014年撤销赣榆县，设立赣榆区,Ganyu
518,面,刚察县,632224,刚察县,632224,县,海北藏族自治州,632200,自治州,青海省,630000,省, , ,Gangcha
519,面,钢城区,370117,钢城区,370117,市辖区,济南市,370100,地级市,山东省,370000,省, ,2018年撤销莱芜市，设立济南市钢城区,Gangcheng
520,面,岗巴县,540237,岗巴县,540237,县,日喀则市,540200,地级市,西藏自治区,540000,自治区, , ,Gangba
521,面,港北区,450802,港北区,450802,市辖区,贵港市,450800,地级市,广西壮族自治区,450000,自治区, , ,Gangbei
522,面,港口区,450602,港口区,450602,市辖区,防城港市,450600,地级市,广西壮族自治区,450000,自治区, , ,Gangkou
523,面,港南区,450803,港南区,450803,市辖区,贵港市,450800,地级市,广西壮族自治区,450000,自治区, , ,Gangnan
524,面,皋兰县,620122,皋兰县,620122,县,兰州市,620100,地级市,甘肃省,620000,省, , ,Gaolan
525,面,高安市,360983,高安市,360983,县级市,宜春市,360900,地级市,江西省,360000,省, , ,Gaoan
526,面,高碑店市,130684,高碑店市,130684,县级市,保定市,130600,地级市,河北省,130000,省, , ,Gaobeidian
527,面,高昌区,650402,高昌区,650402,市辖区,吐鲁番市,650400,地级市,新疆维吾尔自治区,650000,自治区,吐鲁番市, ,Gaochang
528,面,高淳区,320118,高淳区,320118,市辖区,南京市,320100,地级市,江苏省,320000,省,高淳县,2013年撤销高淳县，设立高淳区,Gaochun
529,面,高港区,321203,高港区,321203,市辖区,泰州市,321200,地级市,江苏省,320000,省, , ,Gaogang
530,面,高陵区,610117,高陵区,610117,市辖区,西安市,610100,地级市,陕西省,610000,省,高陵县,2014年撤销高陵县，设立高陵区,Gaoling
531,面,高密市,370785,高密市,370785,县级市,潍坊市,370700,地级市,山东省,370000,省, , ,Gaomi
532,面,高明区,440608,高明区,440608,市辖区,佛山市,440600,地级市,广东省,440000,省,高明市,2002年撤销高明市，设立高明区,Gaoming
533,面,高平市,140581,高平市,140581,县级市,晋城市,140500,地级市,山西省,140000,省, , ,Gaoping
534,面,高坪区,511303,高坪区,511303,市辖区,南充市,511300,地级市,四川省,510000,省, , ,Gaoping
535,面,高青县,370322,高青县,370322,县,淄博市,370300,地级市,山东省,370000,省, , ,Gaoqing
536,面,高台县,620724,高台县,620724,县,张掖市,620700,地级市,甘肃省,620000,省, , ,Gaotai
537,面,高唐县,371526,高唐县,371526,县,聊城市,371500,地级市,山东省,370000,省, , ,Gaotang
538,面,高县,511525,高县,511525,县,宜宾市,511500,地级市,四川省,510000,省, , ,Gaoxian
539,面,高阳县,130628,高阳县,130628,县,保定市,130600,地级市,河北省,130000,省, , ,Gaoyang
540,面,高要区,441204,高要区,441204,市辖区,肇庆市,441200,地级市,广东省,440000,省,高要市,2015年撤销高要市，设立高要区,Gaoyao
541,面,高邑县,130127,高邑县,130127,县,石家庄市,130100,地级市,河北省,130000,省, , ,Gaoyi
542,面,高邮市,321084,高邮市,321084,县级市,扬州市,321000,地级市,江苏省,320000,省, , ,Gaoyou
543,面,高州市,440981,高州市,440981,县级市,茂名市,440900,地级市,广东省,440000,省, , ,Gaozhou
544,面,藁城区,130109,藁城区,130109,市辖区,石家庄市,130100,地级市,河北省,130000,省,藁城市,2014年撤销藁城市，设立藁城区,Gaocheng
545,面,革吉县,542525,革吉县,542525,县,阿里地区,542500,地区,西藏自治区,540000,自治区, , ,Geji
546,面,格尔木市,632801,格尔木市,632801,县级市,海西蒙古族藏族自治州,632800,自治州,青海省,630000,省, , ,Geermu
547,面,个旧市,532501,个旧市,532501,县级市,红河哈尼族彝族自治州,532500,自治州,云南省,530000,省, , ,Gejiu
548,面,根河市,150785,根河市,150785,县级市,呼伦贝尔市,150700,地级市,内蒙古自治区,150000,自治区, , ,Genhe
549,面,耿马傣族佤族自治县,530926,耿马傣族佤族自治县,530926,自治县,临沧市,530900,地级市,云南省,530000,省, , ,Gengmadaizuwazu
550,面,工布江达县,540421,工布江达县,540421,县,林芝市,540400,地级市,西藏自治区,540000,自治区, , ,Gongbujiangda
551,面,弓长岭区,211005,弓长岭区,211005,市辖区,辽阳市,211000,地级市,辽宁省,210000,省, , ,Gongchangling
552,面,公安县,421022,公安县,421022,县,荆州市,421000,地级市,湖北省,420000,省, , ,Gongan
553,面,公主岭市,220184,公主岭市,220184,县级市,长春市,220100,地级市,吉林省,220000,省, ,2020年公主岭市从四平市改为长春市代管,Gongzhuling
554,面,恭城瑶族自治县,450332,恭城瑶族自治县,450332,自治县,桂林市,450300,地级市,广西壮族自治区,450000,自治区, , ,Gongchengyaozu
555,面,巩留县,654024,巩留县,654024,县,伊犁哈萨克自治州,654000,自治州,新疆维吾尔自治区,650000,自治区, , ,Gongliu
556,面,巩义市,410181,巩义市,410181,县级市,郑州市,410100,地级市,河南省,410000,省, , ,Gongyi
557,面,拱墅区,330105,拱墅区,330105,市辖区,杭州市,330100,地级市,浙江省,330000,省, ,2021年撤销下城区、拱墅区，设立新的拱墅区,Gongshu
558,面,珙县,511526,珙县,511526,县,宜宾市,511500,地级市,四川省,510000,省, , ,Gongxian
559,面,共和县,632521,共和县,632521,县,海南藏族自治州,632500,自治州,青海省,630000,省, , ,Gonghe
560,面,共青城市,360482,共青城市,360482,县级市,九江市,360400,地级市,江西省,360000,省, ,2010年设立共青城市,Gongqingcheng
561,面,贡嘎县,540522,贡嘎县,540522,县,山南市,540500,地级市,西藏自治区,540000,自治区, , ,Gongga
562,面,贡井区,510303,贡井区,510303,市辖区,自贡市,510300,地级市,四川省,510000,省, ,2005年新设立贡井区,Gongjing
563,面,贡觉县,540322,贡觉县,540322,县,昌都市,540300,地级市,西藏自治区,540000,自治区, , ,Gongjue
564,面,贡山独龙族怒族自治县,533324,贡山独龙族怒族自治县,533324,自治县,怒江傈僳族自治州,533300,自治州,云南省,530000,省, , ,Gongshandulongzunuzu
565,面,沽源县,130724,沽源县,130724,县,张家口市,130700,地级市,河北省,130000,省, , ,Guyuan
566,面,姑苏区,320508,姑苏区,320508,市辖区,苏州市,320500,地级市,江苏省,320000,省,沧浪区、平江区、金阊区,2012年撤销沧浪区、平江区、金阊区，设立姑苏区,Gusu
567,面,古城区,530702,古城区,530702,市辖区,丽江市,530700,地级市,云南省,530000,省, , ,Gucheng
568,面,古交市,140181,古交市,140181,县级市,太原市,140100,地级市,山西省,140000,省, , ,Gujiao
569,面,古浪县,620622,古浪县,620622,县,武威市,620600,地级市,甘肃省,620000,省, , ,Gulang
570,面,古蔺县,510525,古蔺县,510525,县,泸州市,510500,地级市,四川省,510000,省, , ,Gulin
571,面,古塔区,210702,古塔区,210702,市辖区,锦州市,210700,地级市,辽宁省,210000,省, , ,Guta
572,面,古田县,350922,古田县,350922,县,宁德市,350900,地级市,福建省,350000,省, , ,Gutian
573,面,古县,141025,古县,141025,县,临汾市,141000,地级市,山西省,140000,省, , ,Guxian
574,面,古冶区,130204,古冶区,130204,市辖区,唐山市,130200,地级市,河北省,130000,省, , ,Guye
575,面,古丈县,433126,古丈县,433126,县,湘西土家族苗族自治州,433100,自治州,湖南省,430000,省, , ,Guzhang
576,面,谷城县,420625,谷城县,420625,县,襄阳市,420600,地级市,湖北省,420000,省, , ,Gucheng
577,面,固安县,131022,固安县,131022,县,廊坊市,131000,地级市,河北省,130000,省, , ,Guan
578,面,固始县,411525,固始县,411525,县,信阳市,411500,地级市,河南省,410000,省, , ,Gushi
579,面,固阳县,150222,固阳县,150222,县,包头市,150200,地级市,内蒙古自治区,150000,自治区, , ,Guyang
580,面,固镇县,340323,固镇县,340323,县,蚌埠市,340300,地级市,安徽省,340000,省, , ,Guzhen
581,面,故城县,131126,故城县,131126,县,衡水市,131100,地级市,河北省,130000,省, , ,Gucheng
582,面,瓜州县,620922,瓜州县,620922,县,酒泉市,620900,地级市,甘肃省,620000,省,安西县,2006年安西县更名为瓜州县,Guazhou
583,面,关岭布依族苗族自治县,520424,关岭布依族苗族自治县,520424,自治县,安顺市,520400,地级市,贵州省,520000,省, , ,Guanlingbuyizumiaozu
584,面,观山湖区,520115,观山湖区,520115,市辖区,贵阳市,520100,地级市,贵州省,520000,省, ,2012年拆乌当区和清镇市部分区域，新设观山湖区,Guanshanhu
585,面,官渡区,530111,官渡区,530111,市辖区,昆明市,530100,地级市,云南省,530000,省, , ,Guandu
586,面,冠县,371525,冠县,371525,县,聊城市,371500,地级市,山东省,370000,省, , ,Guanxian
587,面,馆陶县,130433,馆陶县,130433,县,邯郸市,130400,地级市,河北省,130000,省, , ,Guantao
588,面,管城回族区,410104,管城回族区,410104,市辖区,郑州市,410100,地级市,河南省,410000,省, , ,Guanchenghuizu
589,面,灌南县,320724,灌南县,320724,县,连云港市,320700,地级市,江苏省,320000,省, , ,Guannan
590,面,灌阳县,450327,灌阳县,450327,县,桂林市,450300,地级市,广西壮族自治区,450000,自治区, , ,Guanyang
591,面,灌云县,320723,灌云县,320723,县,连云港市,320700,地级市,江苏省,320000,省, , ,Guanyun
592,面,光山县,411522,光山县,411522,县,信阳市,411500,地级市,河南省,410000,省, , ,Guangshan
593,面,光泽县,350723,光泽县,350723,县,南平市,350700,地级市,福建省,350000,省, , ,Guangze
594,面,广安区,511602,广安区,511602,市辖区,广安市,511600,地级市,四川省,510000,省, ,2013年拆分广安区7个镇和5个乡，划归前锋区,Guangan
595,面,广昌县,361030,广昌县,361030,县,抚州市,361000,地级市,江西省,360000,省, , ,Guangchang
596,面,广德市,341882,广德市,341882,县级市,宣城市,341800,地级市,安徽省,340000,省,广德县,2019年撤销广德县，设立广德市,Guangde
597,面,广丰区,361103,广丰区,361103,市辖区,上饶市,361100,地级市,江西省,360000,省,广丰县,2015年撤销广丰县，设立广丰区,Guangfeng
598,面,广汉市,510681,广汉市,510681,县级市,德阳市,510600,地级市,四川省,510000,省, , ,Guanghan
599,面,广河县,622924,广河县,622924,县,临夏回族自治州,622900,自治州,甘肃省,620000,省, , ,Guanghe
600,面,广灵县,140223,广灵县,140223,县,大同市,140200,地级市,山西省,140000,省, , ,Guangling
601,面,广陵区,321002,广陵区,321002,市辖区,扬州市,321000,地级市,江苏省,320000,省, , ,Guangling
602,面,广南县,532627,广南县,532627,县,文山壮族苗族自治州,532600,自治州,云南省,530000,省, , ,Guangnan
603,面,广宁县,441223,广宁县,441223,县,肇庆市,441200,地级市,广东省,440000,省, , ,Guangning
604,面,广平县,130432,广平县,130432,县,邯郸市,130400,地级市,河北省,130000,省, , ,Guangping
605,面,广饶县,370523,广饶县,370523,县,东营市,370500,地级市,山东省,370000,省, , ,Guangrao
606,面,广水市,421381,广水市,421381,县级市,随州市,421300,地级市,湖北省,420000,省, , ,Guangshui
607,面,广阳区,131003,广阳区,131003,市辖区,廊坊市,131000,地级市,河北省,130000,省, ,2000年新设立广阳区,Guangyang
608,面,广宗县,130531,广宗县,130531,县,邢台市,130500,地级市,河北省,130000,省, , ,Guangzong
609,面,贵池区,341702,贵池区,341702,市辖区,池州市,341700,地级市,安徽省,340000,省,贵池市,2000年撤销贵池市，设立贵池区,Guichi
610,面,贵德县,632523,贵德县,632523,县,海南藏族自治州,632500,自治州,青海省,630000,省, , ,Guide
611,面,贵定县,522723,贵定县,522723,县,黔南布依族苗族自治州,522700,自治州,贵州省,520000,省, , ,Guiding
612,面,贵南县,632525,贵南县,632525,县,海南藏族自治州,632500,自治州,青海省,630000,省, , ,Guinan
613,面,贵溪市,360681,贵溪市,360681,县级市,鹰潭市,360600,地级市,江西省,360000,省, , ,Guixi
614,面,桂东县,431027,桂东县,431027,县,郴州市,431000,地级市,湖南省,430000,省, , ,Guidong
615,面,桂平市,450881,桂平市,450881,县级市,贵港市,450800,地级市,广西壮族自治区,450000,自治区, , ,Guiping
616,面,桂阳县,431021,桂阳县,431021,县,郴州市,431000,地级市,湖南省,430000,省, , ,Guiyang
617,面,哈巴河县,654324,哈巴河县,654324,县,阿勒泰地区,654300,地区,新疆维吾尔自治区,650000,自治区, , ,Habahe
618,面,海安市,320685,海安市,320685,县级市,南通市,320600,地级市,江苏省,320000,省,海安县,2018年撤销海安县，设立海安市,Haian
619,面,海勃湾区,150302,海勃湾区,150302,市辖区,乌海市,150300,地级市,内蒙古自治区,150000,自治区, , ,Haibowan
620,面,海沧区,350205,海沧区,350205,市辖区,厦门市,350200,地级市,福建省,350000,省,杏林区,2003年杏林区更名为海沧区,Haicang
621,面,海城区,450502,海城区,450502,市辖区,北海市,450500,地级市,广西壮族自治区,450000,自治区, , ,Haicheng
622,面,海城市,210381,海城市,210381,县级市,鞍山市,210300,地级市,辽宁省,210000,省, , ,Haicheng
623,面,海淀区,110108,海淀区,110108,市辖区,不统计,0,不统计,北京市,110000,直辖市, , ,Haidian
624,面,海丰县,441521,海丰县,441521,县,汕尾市,441500,地级市,广东省,440000,省, , ,Haifeng
625,面,海港区,130302,海港区,130302,市辖区,秦皇岛市,130300,地级市,河北省,130000,省, , ,Haigang
626,面,海拉尔区,150702,海拉尔区,150702,市辖区,呼伦贝尔市,150700,地级市,内蒙古自治区,150000,自治区, , ,Hailaer
627,面,海林市,231083,海林市,231083,县级市,牡丹江市,231000,地级市,黑龙江省,230000,省, , ,Hailin
628,面,海陵区,321202,海陵区,321202,市辖区,泰州市,321200,地级市,江苏省,320000,省, , ,Hailing
629,面,海伦市,231283,海伦市,231283,县级市,绥化市,231200,地级市,黑龙江省,230000,省, , ,Hailun
630,面,海门区,320614,海门区,320614,市辖区,南通市,320600,地级市,江苏省,320000,省,海门市,2020年撤销海门市，设立海门区,Haimen
631,面,海南区,150303,海南区,150303,市辖区,乌海市,150300,地级市,内蒙古自治区,150000,自治区, , ,Hainan
632,面,海宁市,330481,海宁市,330481,县级市,嘉兴市,330400,地级市,浙江省,330000,省, , ,Haining
633,面,海曙区,330203,海曙区,330203,市辖区,宁波市,330200,地级市,浙江省,330000,省, , ,Haishu
634,面,海棠区,460202,海棠区,460202,市辖区,三亚市,460200,地级市,海南省,460000,省,海棠湾镇,2014年撤销海棠湾镇，新设海棠区,Haitang
635,面,海兴县,130924,海兴县,130924,县,沧州市,130900,地级市,河北省,130000,省, , ,Haixing
636,面,海盐县,330424,海盐县,330424,县,嘉兴市,330400,地级市,浙江省,330000,省, , ,Haiyan
637,面,海晏县,632223,海晏县,632223,县,海北藏族自治州,632200,自治州,青海省,630000,省, , ,Haiyan
638,面,海阳市,370687,海阳市,370687,县级市,烟台市,370600,地级市,山东省,370000,省, , ,Haiyang
639,面,海原县,640522,海原县,640522,县,中卫市,640500,地级市,宁夏回族自治区,640000,自治区, , ,Haiyuan
640,面,海珠区,440105,海珠区,440105,市辖区,广州市,440100,地级市,广东省,440000,省, , ,Haizhu
641,面,邗江区,321003,邗江区,321003,市辖区,扬州市,321000,地级市,江苏省,320000,省,维扬区(邗江区),2011年维扬区并入进邗江区,Hanjiang
642,面,邯山区,130402,邯山区,130402,市辖区,邯郸市,130400,地级市,河北省,130000,省, , ,Hanshan
643,面,含山县,340522,含山县,340522,县,马鞍山市,340500,地级市,安徽省,340000,省, ,2011年撤销地级巢湖市，设立马鞍山市含山县,Hanshan
644,面,涵江区,350303,涵江区,350303,市辖区,莆田市,350300,地级市,福建省,350000,省, , ,Hanjiang
645,面,韩城市,610581,韩城市,610581,县级市,渭南市,610500,地级市,陕西省,610000,省, , ,Hancheng
646,面,寒亭区,370703,寒亭区,370703,市辖区,潍坊市,370700,地级市,山东省,370000,省, , ,Hanting
647,面,汉滨区,610902,汉滨区,610902,市辖区,安康市,610900,地级市,陕西省,610000,省, , ,Hanbin
648,面,汉川市,420984,汉川市,420984,县级市,孝感市,420900,地级市,湖北省,420000,省, , ,Hanchuan
649,面,汉南区,420113,汉南区,420113,市辖区,武汉市,420100,地级市,湖北省,420000,省, , ,Hannan
650,面,汉寿县,430722,汉寿县,430722,县,常德市,430700,地级市,湖南省,430000,省, , ,Hanshou
651,面,汉台区,610702,汉台区,610702,市辖区,汉中市,610700,地级市,陕西省,610000,省, , ,Hantai
652,面,汉阳区,420105,汉阳区,420105,市辖区,武汉市,420100,地级市,湖北省,420000,省, , ,Hanyang
653,面,汉阴县,610921,汉阴县,610921,县,安康市,610900,地级市,陕西省,610000,省, , ,Hanyin
654,面,汉源县,511823,汉源县,511823,县,雅安市,511800,地级市,四川省,510000,省, , ,Hanyuan
655,面,杭锦后旗,150826,杭锦后旗,150826,旗,巴彦淖尔市,150800,地级市,内蒙古自治区,150000,自治区, , ,Hangjinhou
656,面,杭锦旗,150625,杭锦旗,150625,旗,鄂尔多斯市,150600,地级市,内蒙古自治区,150000,自治区, , ,Hangjin
657,面,濠江区,440512,濠江区,440512,市辖区,汕头市,440500,地级市,广东省,440000,省,河浦区,2003年撤销河浦区，设立濠江区,Haojiang
658,面,合川区,500117,合川区,500117,市辖区,不统计,0,不统计,重庆市,500000,直辖市,合川市,2006年撤销合川市，设立合川区,Hechuan
659,面,合江县,510522,合江县,510522,县,泸州市,510500,地级市,四川省,510000,省, , ,Hejiang
660,面,合浦县,450521,合浦县,450521,县,北海市,450500,地级市,广西壮族自治区,450000,自治区, , ,Hepu
661,面,合山市,451381,合山市,451381,县级市,来宾市,451300,地级市,广西壮族自治区,450000,自治区, , ,Heshan
662,面,合水县,621024,合水县,621024,县,庆阳市,621000,地级市,甘肃省,620000,省, , ,Heshui
663,面,合阳县,610524,合阳县,610524,县,渭南市,610500,地级市,陕西省,610000,省, , ,Heyang
664,面,合作市,623001,合作市,623001,县级市,甘南藏族自治州,623000,自治州,甘肃省,620000,省, , ,Hezuo
665,面,和布克赛尔蒙古自治县,654226,和布克赛尔蒙古自治县,654226,自治县,塔城地区,654200,地区,新疆维吾尔自治区,650000,自治区, , ,Hebukesaiermenggu
666,面,和静县,652827,和静县,652827,县,巴音郭楞蒙古自治州,652800,自治州,新疆维吾尔自治区,650000,自治区, , ,Hejing
667,面,和林格尔县,150123,和林格尔县,150123,县,呼和浩特市,150100,地级市,内蒙古自治区,150000,自治区, , ,Helingeer
668,面,和龙市,222406,和龙市,222406,县级市,延边朝鲜族自治州,222400,自治州,吉林省,220000,省, , ,Helong
669,面,和平县,441624,和平县,441624,县,河源市,441600,地级市,广东省,440000,省, , ,Heping
670,面,和顺县,140723,和顺县,140723,县,晋中市,140700,地级市,山西省,140000,省, , ,Heshun
671,面,和硕县,652828,和硕县,652828,县,巴音郭楞蒙古自治州,652800,自治州,新疆维吾尔自治区,650000,自治区, , ,Heshuo
672,面,和田市,653201,和田市,653201,县级市,和田地区,653200,地区,新疆维吾尔自治区,650000,自治区, , ,Hetian
673,面,和田县,653221,和田县,653221,县,和田地区,653200,地区,新疆维吾尔自治区,650000,自治区, , ,Hetian
674,面,和县,340523,和县,340523,县,马鞍山市,340500,地级市,安徽省,340000,省, ,2011年撤销地级巢湖市，设立马鞍山市和县,Hexian
675,面,和政县,622925,和政县,622925,县,临夏回族自治州,622900,自治州,甘肃省,620000,省, , ,Hezheng
676,面,河北区,120105,河北区,120105,市辖区,不统计,0,不统计,天津市,120000,直辖市, , ,Hebei
677,面,河间市,130984,河间市,130984,县级市,沧州市,130900,地级市,河北省,130000,省, , ,Hejian
678,面,河津市,140882,河津市,140882,县级市,运城市,140800,地级市,山西省,140000,省, , ,Hejin
679,面,河口区,370503,河口区,370503,市辖区,东营市,370500,地级市,山东省,370000,省, , ,Hekou
680,面,河口瑶族自治县,532532,河口瑶族自治县,532532,自治县,红河哈尼族彝族自治州,532500,自治州,云南省,530000,省, , ,Hekouyaozu
681,面,河南蒙古族自治县,632324,河南蒙古族自治县,632324,自治县,黄南藏族自治州,632300,自治州,青海省,630000,省, , ,Henanmengguzu
682,面,河曲县,140930,河曲县,140930,县,忻州市,140900,地级市,山西省,140000,省, , ,Hequ
683,面,河西区,120103,河西区,120103,市辖区,不统计,0,不统计,天津市,120000,直辖市, , ,Hexi
684,面,荷塘区,430202,荷塘区,430202,市辖区,株洲市,430200,地级市,湖南省,430000,省, , ,Hetang
685,面,贺兰县,640122,贺兰县,640122,县,银川市,640100,地级市,宁夏回族自治区,640000,自治区, , ,Helan
686,面,赫山区,430903,赫山区,430903,市辖区,益阳市,430900,地级市,湖南省,430000,省, , ,Heshan
687,面,赫章县,520527,赫章县,520527,县,毕节市,520500,地级市,贵州省,520000,省, , ,Hezhang
688,面,鹤城区,431202,鹤城区,431202,市辖区,怀化市,431200,地级市,湖南省,430000,省, , ,Hecheng
689,面,鹤峰县,422828,鹤峰县,422828,县,恩施土家族苗族自治州,422800,自治州,湖北省,420000,省, , ,Hefeng
690,面,鹤庆县,532932,鹤庆县,532932,县,大理白族自治州,532900,自治州,云南省,530000,省, , ,Heqing
691,面,鹤山区,410602,鹤山区,410602,市辖区,鹤壁市,410600,地级市,河南省,410000,省, , ,Heshan
692,面,鹤山市,440784,鹤山市,440784,县级市,江门市,440700,地级市,广东省,440000,省, , ,Heshan
693,面,黑山县,210726,黑山县,210726,县,锦州市,210700,地级市,辽宁省,210000,省, , ,Heishan
694,面,黑水县,513228,黑水县,513228,县,阿坝藏族羌族自治州,513200,自治州,四川省,510000,省, , ,Heishui
695,面,恒山区,230303,恒山区,230303,市辖区,鸡西市,230300,地级市,黑龙江省,230000,省, , ,Hengshan
696,面,横峰县,361125,横峰县,361125,县,上饶市,361100,地级市,江西省,360000,省, , ,Hengfeng
697,面,横山区,610803,横山区,610803,市辖区,榆林市,610800,地级市,陕西省,610000,省,横山县,2015年撤销横山县，设立横山区,Hengshan
698,面,横州市,450181,横州市,450181,县级市,南宁市,450100,地级市,广西壮族自治区,450000,自治区,横县,2021年撤销横县，设立横州市,"Hengzhou
"
699,面,衡东县,430424,衡东县,430424,县,衡阳市,430400,地级市,湖南省,430000,省, , ,Hengdong
700,面,衡南县,430422,衡南县,430422,县,衡阳市,430400,地级市,湖南省,430000,省, , ,Hengnan
701,面,衡山县,430423,衡山县,430423,县,衡阳市,430400,地级市,湖南省,430000,省, , ,Hengshan
702,面,衡阳县,430421,衡阳县,430421,县,衡阳市,430400,地级市,湖南省,430000,省, , ,Hengyang
703,面,红安县,421122,红安县,421122,县,黄冈市,421100,地级市,湖北省,420000,省, , ,Hongan
704,面,红岗区,230605,红岗区,230605,市辖区,大庆市,230600,地级市,黑龙江省,230000,省, , ,Honggang
705,面,红古区,620111,红古区,620111,市辖区,兰州市,620100,地级市,甘肃省,620000,省, , ,Honggu
706,面,红河县,532529,红河县,532529,县,红河哈尼族彝族自治州,532500,自治州,云南省,530000,省, , ,Honghe
707,面,红花岗区,520302,红花岗区,520302,市辖区,遵义市,520300,地级市,贵州省,520000,省, , ,Honghuagang
708,面,红旗区,410702,红旗区,410702,市辖区,新乡市,410700,地级市,河南省,410000,省, , ,Hongqi
709,面,红桥区,120106,红桥区,120106,市辖区,不统计,0,不统计,天津市,120000,直辖市, , ,Hongqiao
710,面,红山区,150402,红山区,150402,市辖区,赤峰市,150400,地级市,内蒙古自治区,150000,自治区, , ,Hongshan
711,面,红寺堡区,640303,红寺堡区,640303,市辖区,吴忠市,640300,地级市,宁夏回族自治区,640000,自治区, ,2009年拆分吴忠市，设立红寺堡区,Hongsibu
712,面,红塔区,530402,红塔区,530402,市辖区,玉溪市,530400,地级市,云南省,530000,省, , ,Hongta
713,面,红原县,513233,红原县,513233,县,阿坝藏族羌族自治州,513200,自治州,四川省,510000,省, , ,Hongyuan
714,面,宏伟区,211004,宏伟区,211004,市辖区,辽阳市,211000,地级市,辽宁省,210000,省, , ,Hongwei
715,面,虹口区,310109,虹口区,310109,市辖区,不统计,0,不统计,上海市,310000,直辖市, , ,Hongkou
716,面,洪洞县,141024,洪洞县,141024,县,临汾市,141000,地级市,山西省,140000,省, , ,Hongdong
717,面,洪湖市,421083,洪湖市,421083,县级市,荆州市,421000,地级市,湖北省,420000,省, , ,Honghu
718,面,洪江市,431281,洪江市,431281,县级市,怀化市,431200,地级市,湖南省,430000,省, , ,Hongjiang
719,面,洪山区,420111,洪山区,420111,市辖区,武汉市,420100,地级市,湖北省,420000,省, , ,Hongshan
720,面,洪雅县,511423,洪雅县,511423,县,眉山市,511400,地级市,四川省,510000,省, , ,Hongya
721,面,洪泽区,320813,洪泽区,320813,市辖区,淮安市,320800,地级市,江苏省,320000,省,洪泽县,2016年撤销洪泽县，设立洪泽区,Hongze
722,面,侯马市,141081,侯马市,141081,县级市,临汾市,141000,地级市,山西省,140000,省, , ,Houma
723,面,呼兰区,230111,呼兰区,230111,市辖区,哈尔滨市,230100,地级市,黑龙江省,230000,省, , ,Hulan
724,面,呼玛县,232721,呼玛县,232721,县,大兴安岭地区,232700,地区,黑龙江省,230000,省, , ,Huma
725,面,呼图壁县,652323,呼图壁县,652323,县,昌吉回族自治州,652300,自治州,新疆维吾尔自治区,650000,自治区, , ,Hutubi
726,面,壶关县,140427,壶关县,140427,县,长治市,140400,地级市,山西省,140000,省, , ,Huguan
727,面,湖滨区,411202,湖滨区,411202,市辖区,三门峡市,411200,地级市,河南省,410000,省, , ,Hubin
728,面,湖口县,360429,湖口县,360429,县,九江市,360400,地级市,江西省,360000,省, , ,Hukou
729,面,湖里区,350206,湖里区,350206,市辖区,厦门市,350200,地级市,福建省,350000,省, , ,Huli
730,面,虎林市,230381,虎林市,230381,县级市,鸡西市,230300,地级市,黑龙江省,230000,省, , ,Hulin
731,面,虎丘区,320505,虎丘区,320505,市辖区,苏州市,320500,地级市,江苏省,320000,省,郊区,2000年郊区更名为虎丘区,Huqiu
732,面,互助土族自治县,630223,互助土族自治县,630223,自治县,海东市,630200,地级市,青海省,630000,省, , ,Huzhutuzu
733,面,鄠邑区,610118,鄠邑区,610118,市辖区,西安市,610100,地级市,陕西省,610000,省,户县,2016年撤销户县，设立鄠邑区,Huyi
734,面,花都区,440114,花都区,440114,市辖区,广州市,440100,地级市,广东省,440000,省,花都市,2000年花都市更名为花都区,Huadu
735,面,花山区,340503,花山区,340503,市辖区,马鞍山市,340500,地级市,安徽省,340000,省,金家庄区(花山区),2012年撤销金家庄区，和花山区设立新的花山区,Huashan
736,面,花溪区,520111,花溪区,520111,市辖区,贵阳市,520100,地级市,贵州省,520000,省,小河区(花溪区),2012年撤销小河区，和花溪区设立新的花溪区,Huaxi
737,面,花垣县,433124,花垣县,433124,县,湘西土家族苗族自治州,433100,自治州,湖南省,430000,省, , ,Huayuan
738,面,华安县,350629,华安县,350629,县,漳州市,350600,地级市,福建省,350000,省, , ,Huaan
739,面,华池县,621023,华池县,621023,县,庆阳市,621000,地级市,甘肃省,620000,省, , ,Huachi
740,面,华龙区,410902,华龙区,410902,市辖区,濮阳市,410900,地级市,河南省,410000,省, , ,Hualong
741,面,华宁县,530424,华宁县,530424,县,玉溪市,530400,地级市,云南省,530000,省, , ,Huaning
742,面,华坪县,530723,华坪县,530723,县,丽江市,530700,地级市,云南省,530000,省, , ,Huaping
743,面,华容区,420703,华容区,420703,市辖区,鄂州市,420700,地级市,湖北省,420000,省, , ,Huarong
744,面,华容县,430623,华容县,430623,县,岳阳市,430600,地级市,湖南省,430000,省, , ,Huarong
745,面,华亭市,620881,华亭市,620881,县级市,平凉市,620800,地级市,甘肃省,620000,省,华亭县,2018年撤销华亭县，设立华亭市,Huating
746,面,华阴市,610582,华阴市,610582,县级市,渭南市,610500,地级市,陕西省,610000,省, , ,Huayin
747,面,华蓥市,511681,华蓥市,511681,县级市,广安市,511600,地级市,四川省,510000,省, , ,Huaying
748,面,华州区,610503,华州区,610503,市辖区,渭南市,610500,地级市,陕西省,610000,省,华县,2015年撤销华县，设立华州区,Huazhou
749,面,滑县,410526,滑县,410526,县,安阳市,410500,地级市,河南省,410000,省, , ,Huaxian
750,面,化德县,150922,化德县,150922,县,乌兰察布市,150900,地级市,内蒙古自治区,150000,自治区, , ,Huade
751,面,化隆回族自治县,630224,化隆回族自治县,630224,自治县,海东市,630200,地级市,青海省,630000,省, , ,Hualonghuizu
752,面,化州市,440982,化州市,440982,县级市,茂名市,440900,地级市,广东省,440000,省, , ,Huazhou
753,面,桦川县,230826,桦川县,230826,县,佳木斯市,230800,地级市,黑龙江省,230000,省, , ,Huachuan
754,面,桦甸市,220282,桦甸市,220282,县级市,吉林市,220200,地级市,吉林省,220000,省, , ,Huadian
755,面,怀安县,130728,怀安县,130728,县,张家口市,130700,地级市,河北省,130000,省, , ,Huaian
756,面,怀集县,441224,怀集县,441224,县,肇庆市,441200,地级市,广东省,440000,省, , ,Huaiji
757,面,怀来县,130730,怀来县,130730,县,张家口市,130700,地级市,河北省,130000,省, , ,Huailai
758,面,怀宁县,340822,怀宁县,340822,县,安庆市,340800,地级市,安徽省,340000,省, , ,Huaining
759,面,怀仁市,140681,怀仁市,140681,县级市,朔州市,140600,地级市,山西省,140000,省,怀仁县,2018年撤销怀仁县，设立怀仁市,Huairen
760,面,怀柔区,110116,怀柔区,110116,市辖区,不统计,0,不统计,北京市,110000,直辖市,怀柔县,2001年撤销怀柔县，设立怀柔区,Huairou
761,面,怀远县,340321,怀远县,340321,县,蚌埠市,340300,地级市,安徽省,340000,省, , ,Huaiyuan
762,面,淮安区,320803,淮安区,320803,市辖区,淮安市,320800,地级市,江苏省,320000,省,楚州区,2011年楚州区更名为淮安区,Huaian
763,面,淮滨县,411527,淮滨县,411527,县,信阳市,411500,地级市,河南省,410000,省, , ,Huaibin
764,面,淮上区,340311,淮上区,340311,市辖区,蚌埠市,340300,地级市,安徽省,340000,省,郊区,2004年郊区更名为淮上区,Huaishang
765,面,淮阳区,411603,淮阳区,411603,市辖区,周口市,411600,地级市,河南省,410000,省,淮阳县,2019年撤销淮阳县，设立淮阳区,Huaiyang
766,面,淮阴区,320804,淮阴区,320804,市辖区,淮安市,320800,地级市,江苏省,320000,省, , ,Huaiyin
767,面,槐荫区,370104,槐荫区,370104,市辖区,济南市,370100,地级市,山东省,370000,省, , ,Huaiyin
768,面,环翠区,371002,环翠区,371002,市辖区,威海市,371000,地级市,山东省,370000,省, , ,Huancui
769,面,环江毛南族自治县,451226,环江毛南族自治县,451226,自治县,河池市,451200,地级市,广西壮族自治区,450000,自治区, , ,Huanjiangmaonanzu
770,面,环县,621022,环县,621022,县,庆阳市,621000,地级市,甘肃省,620000,省, , ,Huanxian
771,面,桓仁满族自治县,210522,桓仁满族自治县,210522,自治县,本溪市,210500,地级市,辽宁省,210000,省, , ,Huanrenmanzu
772,面,桓台县,370321,桓台县,370321,县,淄博市,370300,地级市,山东省,370000,省, , ,Huantai
773,面,皇姑区,210105,皇姑区,210105,市辖区,沈阳市,210100,地级市,辽宁省,210000,省, , ,Huanggu
774,面,黄陂区,420116,黄陂区,420116,市辖区,武汉市,420100,地级市,湖北省,420000,省, , ,Huangpi
775,面,黄岛区,370211,黄岛区,370211,市辖区,青岛市,370200,地级市,山东省,370000,省,胶南市(黄岛区),2012年撤销胶南市，和黄岛区设立新的黄岛区,Huangdao
776,面,黄骅市,130983,黄骅市,130983,县级市,沧州市,130900,地级市,河北省,130000,省, , ,Huanghua
777,面,黄陵县,610632,黄陵县,610632,县,延安市,610600,地级市,陕西省,610000,省, , ,Huangling
778,面,黄龙县,610631,黄龙县,610631,县,延安市,610600,地级市,陕西省,610000,省, , ,Huanglong
779,面,黄梅县,421127,黄梅县,421127,县,黄冈市,421100,地级市,湖北省,420000,省, , ,Huangmei
780,面,黄平县,522622,黄平县,522622,县,黔东南苗族侗族自治州,522600,自治州,贵州省,520000,省, , ,Huangping
781,面,黄埔区,440112,黄埔区,440112,市辖区,广州市,440100,地级市,广东省,440000,省, ,2014年萝岗区并入黄埔区,Huangpu
782,面,黄浦区,310101,黄浦区,310101,市辖区,不统计,0,不统计,上海市,310000,直辖市,卢湾区(黄浦区),2011年撤销卢湾区，合并到黄浦区,Huangpu
783,面,黄山区,341003,黄山区,341003,市辖区,黄山市,341000,地级市,安徽省,340000,省, , ,Huangshan
784,面,黄石港区,420202,黄石港区,420202,市辖区,黄石市,420200,地级市,湖北省,420000,省, , ,Huangshigang
785,面,黄岩区,331003,黄岩区,331003,市辖区,台州市,331000,地级市,浙江省,330000,省, , ,Huangyan
786,面,黄州区,421102,黄州区,421102,市辖区,黄冈市,421100,地级市,湖北省,420000,省, , ,Huangzhou
787,面,湟源县,630123,湟源县,630123,县,西宁市,630100,地级市,青海省,630000,省, , ,Huangyuan
788,面,湟中区,630106,湟中区,630106,市辖区,西宁市,630100,地级市,青海省,630000,省,湟中县,2019年撤销湟中县，设立湟中区,Huangzhong
789,面,潢川县,411526,潢川县,411526,县,信阳市,411500,地级市,河南省,410000,省, , ,Huangchuan
790,面,珲春市,222404,珲春市,222404,县级市,延边朝鲜族自治州,222400,自治州,吉林省,220000,省, , ,Hunchun
791,面,辉南县,220523,辉南县,220523,县,通化市,220500,地级市,吉林省,220000,省, , ,Huinan
792,面,辉县市,410782,辉县市,410782,县级市,新乡市,410700,地级市,河南省,410000,省, , ,Huixian
793,面,徽县,621227,徽县,621227,县,陇南市,621200,地级市,甘肃省,620000,省, , ,Huixian
794,面,徽州区,341004,徽州区,341004,市辖区,黄山市,341000,地级市,安徽省,340000,省, , ,Huizhou
795,面,回民区,150103,回民区,150103,市辖区,呼和浩特市,150100,地级市,内蒙古自治区,150000,自治区, , ,Huimin
796,面,汇川区,520303,汇川区,520303,市辖区,遵义市,520300,地级市,贵州省,520000,省, ,2003年新设立汇川区,Huichuan
797,面,会昌县,360733,会昌县,360733,县,赣州市,360700,地级市,江西省,360000,省, , ,Huichang
798,面,会东县,513426,会东县,513426,县,凉山彝族自治州,513400,自治州,四川省,510000,省, , ,Huidong
799,面,会理市,513402,会理市,513402,县级市,凉山彝族自治州,513400,自治州,四川省,510000,省,会理县,2021年撤销会理县，设立会理市,Huili
800,面,会宁县,620422,会宁县,620422,县,白银市,620400,地级市,甘肃省,620000,省, , ,Huining
801,面,会同县,431225,会同县,431225,县,怀化市,431200,地级市,湖南省,430000,省, , ,Huitong
802,面,会泽县,530326,会泽县,530326,县,曲靖市,530300,地级市,云南省,530000,省, , ,Huize
803,面,惠安县,350521,惠安县,350521,县,泉州市,350500,地级市,福建省,350000,省, , ,Huian
804,面,惠城区,441302,惠城区,441302,市辖区,惠州市,441300,地级市,广东省,440000,省, , ,Huicheng
805,面,惠东县,441323,惠东县,441323,县,惠州市,441300,地级市,广东省,440000,省, , ,Huidong
806,面,惠济区,410108,惠济区,410108,市辖区,郑州市,410100,地级市,河南省,410000,省,邙山区,2003年邙山区更名为惠济区,Huiji
807,面,惠来县,445224,惠来县,445224,县,揭阳市,445200,地级市,广东省,440000,省, , ,Huilai
808,面,惠民县,371621,惠民县,371621,县,滨州市,371600,地级市,山东省,370000,省, , ,Huimin
809,面,惠农区,640205,惠农区,640205,市辖区,石嘴山市,640200,地级市,宁夏回族自治区,640000,自治区,惠农县和石嘴山区,2003年撤销惠农县和石嘴山区，设立惠农区,Huinong
810,面,惠山区,320206,惠山区,320206,市辖区,无锡市,320200,地级市,江苏省,320000,省,惠山区,2000年拆分锡山市，设立惠山区,Huishan
811,面,惠水县,522731,惠水县,522731,县,黔南布依族苗族自治州,522700,自治州,贵州省,520000,省, , ,Huishui
812,面,惠阳区,441303,惠阳区,441303,市辖区,惠州市,441300,地级市,广东省,440000,省,惠阳市,2003年撤销惠阳市，设立惠阳区,Huiyang
813,面,浑江区,220602,浑江区,220602,市辖区,白山市,220600,地级市,吉林省,220000,省, , ,Hunjiang
814,面,浑南区,210112,浑南区,210112,市辖区,沈阳市,210100,地级市,辽宁省,210000,省,东陵区,2014年东陵区更名为浑南区,Hunnan
815,面,浑源县,140225,浑源县,140225,县,大同市,140200,地级市,山西省,140000,省, , ,Hunyuan
816,面,获嘉县,410724,获嘉县,410724,县,新乡市,410700,地级市,河南省,410000,省, , ,Huojia
817,面,霍城县,654023,霍城县,654023,县,伊犁哈萨克自治州,654000,自治州,新疆维吾尔自治区,650000,自治区, , ,Huocheng
818,面,霍尔果斯市,654004,霍尔果斯市,654004,县级市,伊犁哈萨克自治州,654000,自治州,新疆维吾尔自治区,650000,自治区, ,2014年新设霍尔果斯市,Huoerguosi
819,面,霍林郭勒市,150581,霍林郭勒市,150581,县级市,通辽市,150500,地级市,内蒙古自治区,150000,自治区, , ,Huolinguole
820,面,霍山县,341525,霍山县,341525,县,六安市,341500,地级市,安徽省,340000,省, , ,Huoshan
821,面,霍州市,141082,霍州市,141082,县级市,临汾市,141000,地级市,山西省,140000,省, , ,Huozhou
822,面,鸡东县,230321,鸡东县,230321,县,鸡西市,230300,地级市,黑龙江省,230000,省, , ,Jidong
823,面,鸡冠区,230302,鸡冠区,230302,市辖区,鸡西市,230300,地级市,黑龙江省,230000,省, , ,Jiguan
824,面,鸡泽县,130431,鸡泽县,130431,县,邯郸市,130400,地级市,河北省,130000,省, , ,Jize
825,面,积石山保安族东乡族撒拉族自治县,622927,积石山保安族东乡族撒拉族自治县,622927,自治县,临夏回族自治州,622900,自治州,甘肃省,620000,省, , ,Jishishanbaoanzudongxiangzuandsalazu
826,面,吉安县,360821,吉安县,360821,县,吉安市,360800,地级市,江西省,360000,省, , ,Jian
827,面,吉隆县,540234,吉隆县,540234,县,日喀则市,540200,地级市,西藏自治区,540000,自治区, , ,Jilong
828,面,吉木乃县,654326,吉木乃县,654326,县,阿勒泰地区,654300,地区,新疆维吾尔自治区,650000,自治区, , ,Jimunai
829,面,吉木萨尔县,652327,吉木萨尔县,652327,县,昌吉回族自治州,652300,自治州,新疆维吾尔自治区,650000,自治区, , ,Jimusaer
830,面,吉首市,433101,吉首市,433101,县级市,湘西土家族苗族自治州,433100,自治州,湖南省,430000,省, , ,Jishou
831,面,吉水县,360822,吉水县,360822,县,吉安市,360800,地级市,江西省,360000,省, , ,Jishui
832,面,吉县,141028,吉县,141028,县,临汾市,141000,地级市,山西省,140000,省, , ,Jixian
833,面,吉阳区,460203,吉阳区,460203,市辖区,三亚市,460200,地级市,海南省,460000,省,吉阳镇,2014年撤销吉阳镇，新设吉阳区,Jiyang
834,面,吉州区,360802,吉州区,360802,市辖区,吉安市,360800,地级市,江西省,360000,省, , ,Jizhou
835,面,即墨区,370215,即墨区,370215,市辖区,青岛市,370200,地级市,山东省,370000,省,即墨市,2017年撤销即墨市，设立即墨区,Jimo
836,面,集安市,220582,集安市,220582,县级市,通化市,220500,地级市,吉林省,220000,省, , ,Jian
837,面,集美区,350211,集美区,350211,市辖区,厦门市,350200,地级市,福建省,350000,省, , ,Jimei
838,面,集宁区,150902,集宁区,150902,市辖区,乌兰察布市,150900,地级市,内蒙古自治区,150000,自治区, , ,Jining
839,面,集贤县,230521,集贤县,230521,县,双鸭山市,230500,地级市,黑龙江省,230000,省, , ,Jixian
840,面,济阳区,370115,济阳区,370115,市辖区,济南市,370100,地级市,山东省,370000,省,济阳县,2018年撤销济阳县，设立济阳区,Jiyang
841,面,济源市,419001,济源市,419001,县级市,不统计,0,不统计,河南省,410000,省, ,"省直辖市,省直管,是县级单位",Jiyuan
842,面,绩溪县,341824,绩溪县,341824,县,宣城市,341800,地级市,安徽省,340000,省, , ,Jixi
843,面,蓟州区,120119,蓟州区,120119,市辖区,不统计,0,不统计,天津市,120000,直辖市,蓟县,2016年撤销蓟县，设立蓟州区,Jizhou
844,面,稷山县,140824,稷山县,140824,县,运城市,140800,地级市,山西省,140000,省, , ,Jishan
845,面,冀州区,131103,冀州区,131103,市辖区,衡水市,131100,地级市,河北省,130000,省,冀州市,2016年撤销冀州市，设立冀州区,Jizhou
846,面,加查县,540528,加查县,540528,县,山南市,540500,地级市,西藏自治区,540000,自治区, , ,Jiacha
847,面,夹江县,511126,夹江县,511126,县,乐山市,511100,地级市,四川省,510000,省, , ,Jiajiang
848,面,佳县,610828,佳县,610828,县,榆林市,610800,地级市,陕西省,610000,省, , ,Jiaxian
849,面,嘉定区,310114,嘉定区,310114,市辖区,不统计,0,不统计,上海市,310000,直辖市, , ,Jiading
850,面,嘉禾县,431024,嘉禾县,431024,县,郴州市,431000,地级市,湖南省,430000,省, , ,Jiahe
851,面,嘉黎县,540621,嘉黎县,540621,县,那曲市,540600,地级市,西藏自治区,540000,自治区, , ,Jiali
852,面,嘉陵区,511304,嘉陵区,511304,市辖区,南充市,511300,地级市,四川省,510000,省, , ,Jialing
853,面,嘉善县,330421,嘉善县,330421,县,嘉兴市,330400,地级市,浙江省,330000,省, , ,Jiashan
854,面,嘉祥县,370829,嘉祥县,370829,县,济宁市,370800,地级市,山东省,370000,省, , ,Jiaxiang
855,面,嘉荫县,230722,嘉荫县,230722,县,伊春市,230700,地级市,黑龙江省,230000,省, , ,Jiayin
856,面,嘉鱼县,421221,嘉鱼县,421221,县,咸宁市,421200,地级市,湖北省,420000,省, , ,Jiayu
857,面,嘉峪关市,620200,不统计,0,不统计,嘉峪关市,620200,地级市,甘肃省,620000,省, , ,Jiayuguan
858,面,郏县,410425,郏县,410425,县,平顶山市,410400,地级市,河南省,410000,省, , ,Jiaxian
859,面,贾汪区,320305,贾汪区,320305,市辖区,徐州市,320300,地级市,江苏省,320000,省, , ,Jiawang
860,面,尖草坪区,140108,尖草坪区,140108,市辖区,太原市,140100,地级市,山西省,140000,省, , ,Jiancaoping
861,面,尖山区,230502,尖山区,230502,市辖区,双鸭山市,230500,地级市,黑龙江省,230000,省, , ,Jianshan
862,面,尖扎县,632322,尖扎县,632322,县,黄南藏族自治州,632300,自治州,青海省,630000,省, , ,Jianzha
863,面,监利市,421088,监利市,421088,县级市,荆州市,421000,地级市,湖北省,420000,省,监利县,2020年撤销监利县，设立监利市,Jianli
864,面,犍为县,511123,犍为县,511123,县,乐山市,511100,地级市,四川省,510000,省, , ,Qianwei
865,面,简阳市,510185,简阳市,510185,县级市,成都市,510100,地级市,四川省,510000,省, ,2016年资阳市简阳市改由成都市代管,Jianyang
866,面,建安区,411003,建安区,411003,市辖区,许昌市,411000,地级市,河南省,410000,省,许昌县,2016年撤销许昌县，设立建安区,Jianan
867,面,建昌县,211422,建昌县,211422,县,葫芦岛市,211400,地级市,辽宁省,210000,省, , ,Jianchang
868,面,建德市,330182,建德市,330182,县级市,杭州市,330100,地级市,浙江省,330000,省, , ,Jiande
869,面,建湖县,320925,建湖县,320925,县,盐城市,320900,地级市,江苏省,320000,省, , ,Jianhu
870,面,建华区,230203,建华区,230203,市辖区,齐齐哈尔市,230200,地级市,黑龙江省,230000,省, , ,Jianhua
871,面,建宁县,350430,建宁县,350430,县,三明市,350400,地级市,福建省,350000,省, , ,Jianning
872,面,建瓯市,350783,建瓯市,350783,县级市,南平市,350700,地级市,福建省,350000,省, , ,Jianou
873,面,建平县,211322,建平县,211322,县,朝阳市,211300,地级市,辽宁省,210000,省, , ,Jianping
874,面,建始县,422822,建始县,422822,县,恩施土家族苗族自治州,422800,自治州,湖北省,420000,省, , ,Jianshi
875,面,建水县,532524,建水县,532524,县,红河哈尼族彝族自治州,532500,自治州,云南省,530000,省, , ,Jianshui
876,面,建阳区,350703,建阳区,350703,市辖区,南平市,350700,地级市,福建省,350000,省,建阳市,2014年撤销建阳市，设立建阳区,Jianyang
877,面,建邺区,320105,建邺区,320105,市辖区,南京市,320100,地级市,江苏省,320000,省, , ,Jianye
878,面,剑川县,532931,剑川县,532931,县,大理白族自治州,532900,自治州,云南省,530000,省, , ,Jianchuan
879,面,剑阁县,510823,剑阁县,510823,县,广元市,510800,地级市,四川省,510000,省, , ,Jiange
880,面,剑河县,522629,剑河县,522629,县,黔东南苗族侗族自治州,522600,自治州,贵州省,520000,省, , ,Jianhe
881,面,涧西区,410305,涧西区,410305,市辖区,洛阳市,410300,地级市,河南省,410000,省, , ,Jianxi
882,面,江安县,511523,江安县,511523,县,宜宾市,511500,地级市,四川省,510000,省, , ,Jiangan
883,面,江岸区,420102,江岸区,420102,市辖区,武汉市,420100,地级市,湖北省,420000,省, , ,Jiangan
884,面,江城哈尼族彝族自治县,530826,江城哈尼族彝族自治县,530826,自治县,普洱市,530800,地级市,云南省,530000,省, , ,Jiangchenghanizuandyizu
885,面,江城区,441702,江城区,441702,市辖区,阳江市,441700,地级市,广东省,440000,省, , ,Jiangcheng
886,面,江川区,530403,江川区,530403,市辖区,玉溪市,530400,地级市,云南省,530000,省,江川县,2015年撤销江川县，设立江川区,Jiangchuan
887,面,江达县,540321,江达县,540321,县,昌都市,540300,地级市,西藏自治区,540000,自治区, , ,Jiangda
888,面,江都区,321012,江都区,321012,市辖区,扬州市,321000,地级市,江苏省,320000,省,江都市,2011年撤销江都市，设立江都区,Jiangdu
889,面,江海区,440704,江海区,440704,市辖区,江门市,440700,地级市,广东省,440000,省, , ,Jianghai
890,面,江汉区,420103,江汉区,420103,市辖区,武汉市,420100,地级市,湖北省,420000,省, , ,Jianghan
891,面,江华瑶族自治县,431129,江华瑶族自治县,431129,自治县,永州市,431100,地级市,湖南省,430000,省, , ,Jianghuayaozu
892,面,江津区,500116,江津区,500116,市辖区,不统计,0,不统计,重庆市,500000,直辖市,江津市,2006年撤销江津市，设立江津区,Jiangjin
893,面,江口县,520621,江口县,520621,县,铜仁市,520600,地级市,贵州省,520000,省, , ,Jiangkou
894,面,江陵县,421024,江陵县,421024,县,荆州市,421000,地级市,湖北省,420000,省, , ,Jiangling
895,面,江南区,450105,江南区,450105,市辖区,南宁市,450100,地级市,广西壮族自治区,450000,自治区, , ,Jiangnan
896,面,江宁区,320115,江宁区,320115,市辖区,南京市,320100,地级市,江苏省,320000,省,江宁县,2000年撤销江宁县，设立江宁区,Jiangning
897,面,江山市,330881,江山市,330881,县级市,衢州市,330800,地级市,浙江省,330000,省, , ,Jiangshan
898,面,江夏区,420115,江夏区,420115,市辖区,武汉市,420100,地级市,湖北省,420000,省, , ,Jiangxia
899,面,江阳区,510502,江阳区,510502,市辖区,泸州市,510500,地级市,四川省,510000,省, , ,Jiangyang
900,面,江阴市,320281,江阴市,320281,县级市,无锡市,320200,地级市,江苏省,320000,省, , ,Jiangyin
901,面,江永县,431125,江永县,431125,县,永州市,431100,地级市,湖南省,430000,省, , ,Jiangyong
902,面,江油市,510781,江油市,510781,县级市,绵阳市,510700,地级市,四川省,510000,省, , ,Jiangyou
903,面,江源区,220605,江源区,220605,市辖区,白山市,220600,地级市,吉林省,220000,省,江源县,2006年撤销江源县，设立江源区,Jiangyuan
904,面,江州区,451402,江州区,451402,市辖区,崇左市,451400,地级市,广西壮族自治区,450000,自治区, , ,Jiangzhou
905,面,江孜县,540222,江孜县,540222,县,日喀则市,540200,地级市,西藏自治区,540000,自治区, , ,Jiangzi
906,面,将乐县,350428,将乐县,350428,县,三明市,350400,地级市,福建省,350000,省, , ,Jiangle
907,面,姜堰区,321204,姜堰区,321204,市辖区,泰州市,321200,地级市,江苏省,320000,省,姜堰市,2012年撤销姜堰市，设立姜堰区,Jiangyan
908,面,绛县,140826,绛县,140826,县,运城市,140800,地级市,山西省,140000,省, , ,Jiangxian
909,面,交城县,141122,交城县,141122,县,吕梁市,141100,地级市,山西省,140000,省, , ,Jiaocheng
910,面,交口县,141130,交口县,141130,县,吕梁市,141100,地级市,山西省,140000,省, , ,Jiaokou
911,面,胶州市,370281,胶州市,370281,县级市,青岛市,370200,地级市,山东省,370000,省, , ,Jiaozhou
912,面,椒江区,331002,椒江区,331002,市辖区,台州市,331000,地级市,浙江省,330000,省, , ,Jiaojiang
913,面,蛟河市,220281,蛟河市,220281,县级市,吉林市,220200,地级市,吉林省,220000,省, , ,Jiaohe
914,面,蕉城区,350902,蕉城区,350902,市辖区,宁德市,350900,地级市,福建省,350000,省, , ,Jiaocheng
915,面,蕉岭县,441427,蕉岭县,441427,县,梅州市,441400,地级市,广东省,440000,省, , ,Jiaoling
916,面,揭东区,445203,揭东区,445203,市辖区,揭阳市,445200,地级市,广东省,440000,省,揭东县,2012年撤销揭东县，设立揭东区,Jiedong
917,面,揭西县,445222,揭西县,445222,县,揭阳市,445200,地级市,广东省,440000,省, , ,Jiexi
918,面,解放区,410802,解放区,410802,市辖区,焦作市,410800,地级市,河南省,410000,省, , ,Jiefang
919,面,介休市,140781,介休市,140781,县级市,晋中市,140700,地级市,山西省,140000,省, , ,Jiexiu
920,面,界首市,341282,界首市,341282,县级市,阜阳市,341200,地级市,安徽省,340000,省, , ,Jieshou
921,面,金安区,341502,金安区,341502,市辖区,六安市,341500,地级市,安徽省,340000,省, , ,Jinan
922,面,金城江区,451202,金城江区,451202,市辖区,河池市,451200,地级市,广西壮族自治区,450000,自治区, , ,Jinchengjiang
923,面,金川区,620302,金川区,620302,市辖区,金昌市,620300,地级市,甘肃省,620000,省, , ,Jinchuan
924,面,金川县,513226,金川县,513226,县,阿坝藏族羌族自治州,513200,自治州,四川省,510000,省, , ,Jinchuan
925,面,金东区,330703,金东区,330703,市辖区,金华市,330700,地级市,浙江省,330000,省,金华县,2000年金华县更名为金东区,Jindong
926,面,金湖县,320831,金湖县,320831,县,淮安市,320800,地级市,江苏省,320000,省, , ,Jinhu
927,面,金口河区,511113,金口河区,511113,市辖区,乐山市,511100,地级市,四川省,510000,省, , ,Jinkouhe
928,面,金门县,350527,金门县,350527,县,泉州市,350500,地级市,福建省,350000,省, , ,Jinmen
929,面,金牛区,510106,金牛区,510106,市辖区,成都市,510100,地级市,四川省,510000,省, , ,Jinniu
930,面,金平苗族瑶族傣族自治县,532530,金平苗族瑶族傣族自治县,532530,自治县,红河哈尼族彝族自治州,532500,自治州,云南省,530000,省, , ,Jinpingmiaozuandyaozudaizu
931,面,金平区,440511,金平区,440511,市辖区,汕头市,440500,地级市,广东省,440000,省,升平区,2003年撤销升平区，设立金平区,Jinping
932,面,金沙县,520523,金沙县,520523,县,毕节市,520500,地级市,贵州省,520000,省, , ,Jinsha
933,面,金山区,310116,金山区,310116,市辖区,不统计,0,不统计,上海市,310000,直辖市, , ,Jinshan
934,面,金水区,410105,金水区,410105,市辖区,郑州市,410100,地级市,河南省,410000,省, , ,Jinshui
935,面,金塔县,620921,金塔县,620921,县,酒泉市,620900,地级市,甘肃省,620000,省, , ,Jinta
936,面,金台区,610303,金台区,610303,市辖区,宝鸡市,610300,地级市,陕西省,610000,省, , ,Jintai
937,面,金坛区,320413,金坛区,320413,市辖区,常州市,320400,地级市,江苏省,320000,省,金坛市,2015年撤销金坛市，设立金坛区,Jintan
938,面,金堂县,510121,金堂县,510121,县,成都市,510100,地级市,四川省,510000,省, , ,Jintang
939,面,金湾区,440404,金湾区,440404,市辖区,珠海市,440400,地级市,广东省,440000,省, , ,Jinwan
940,面,金溪县,361027,金溪县,361027,县,抚州市,361000,地级市,江西省,360000,省, , ,Jinxi
941,面,金乡县,370828,金乡县,370828,县,济宁市,370800,地级市,山东省,370000,省, , ,Jinxiang
942,面,金秀瑶族自治县,451324,金秀瑶族自治县,451324,自治县,来宾市,451300,地级市,广西壮族自治区,450000,自治区, , ,Jinxiuyaozu
943,面,金阳县,513430,金阳县,513430,县,凉山彝族自治州,513400,自治州,四川省,510000,省, , ,Jinyang
944,面,金寨县,341524,金寨县,341524,县,六安市,341500,地级市,安徽省,340000,省, , ,Jinzhai
945,面,金州区,210213,金州区,210213,市辖区,大连市,210200,地级市,辽宁省,210000,省, , ,Jinzhou
946,面,津南区,120112,津南区,120112,市辖区,不统计,0,不统计,天津市,120000,直辖市, , ,Jinnan
947,面,津市市,430781,津市市,430781,县级市,常德市,430700,地级市,湖南省,430000,省, , ,Jinshi
948,面,锦江区,510104,锦江区,510104,市辖区,成都市,510100,地级市,四川省,510000,省, , ,Jinjiang
949,面,锦屏县,522628,锦屏县,522628,县,黔东南苗族侗族自治州,522600,自治州,贵州省,520000,省, , ,Jinping
950,面,进贤县,360124,进贤县,360124,县,南昌市,360100,地级市,江西省,360000,省, , ,Jinxian
951,面,晋安区,350111,晋安区,350111,市辖区,福州市,350100,地级市,福建省,350000,省, , ,Jinan
952,面,晋江市,350582,晋江市,350582,县级市,泉州市,350500,地级市,福建省,350000,省, , ,Jinjiang
953,面,晋宁区,530115,晋宁区,530115,市辖区,昆明市,530100,地级市,云南省,530000,省,晋宁县,2016年撤销晋宁县，设立晋宁区,Jinning
954,面,晋源区,140110,晋源区,140110,市辖区,太原市,140100,地级市,山西省,140000,省, , ,Jinyuan
955,面,晋州市,130183,晋州市,130183,县级市,石家庄市,130100,地级市,河北省,130000,省, , ,Jinzhou
956,面,缙云县,331122,缙云县,331122,县,丽水市,331100,地级市,浙江省,330000,省, , ,Jinyun
957,面,京口区,321102,京口区,321102,市辖区,镇江市,321100,地级市,江苏省,320000,省, , ,Jingkou
958,面,京山市,420882,京山市,420882,县级市,荆门市,420800,地级市,湖北省,420000,省,京山县,2018年撤销京山县，设立京山市,Jingshan
959,面,泾川县,620821,泾川县,620821,县,平凉市,620800,地级市,甘肃省,620000,省, , ,Jingchuan
960,面,泾县,341823,泾县,341823,县,宣城市,341800,地级市,安徽省,340000,省, , ,Jingxian
961,面,泾阳县,610423,泾阳县,610423,县,咸阳市,610400,地级市,陕西省,610000,省, , ,Jingyang
962,面,泾源县,640424,泾源县,640424,县,固原市,640400,地级市,宁夏回族自治区,640000,自治区, , ,Jingyuan
963,面,荆州区,421003,荆州区,421003,市辖区,荆州市,421000,地级市,湖北省,420000,省, , ,Jingzhou
964,面,旌德县,341825,旌德县,341825,县,宣城市,341800,地级市,安徽省,340000,省, , ,Jingde
965,面,旌阳区,510603,旌阳区,510603,市辖区,德阳市,510600,地级市,四川省,510000,省, , ,Jingyang
966,面,精河县,652722,精河县,652722,县,博尔塔拉蒙古自治州,652700,自治州,新疆维吾尔自治区,650000,自治区, , ,Jinghe
967,面,井冈山市,360881,井冈山市,360881,县级市,吉安市,360800,地级市,江西省,360000,省, , ,Jinggangshan
968,面,井陉矿区,130107,井陉矿区,130107,市辖区,石家庄市,130100,地级市,河北省,130000,省, , ,Jingxingkuang
969,面,井陉县,130121,井陉县,130121,县,石家庄市,130100,地级市,河北省,130000,省, , ,Jingxing
970,面,井研县,511124,井研县,511124,县,乐山市,511100,地级市,四川省,510000,省, , ,Jingyan
971,面,景东彝族自治县,530823,景东彝族自治县,530823,自治县,普洱市,530800,地级市,云南省,530000,省, , ,Jingdongyizu
972,面,景谷傣族彝族自治县,530824,景谷傣族彝族自治县,530824,自治县,普洱市,530800,地级市,云南省,530000,省, , ,Jinggudaizuandyizu
973,面,景洪市,532801,景洪市,532801,县级市,西双版纳傣族自治州,532800,自治州,云南省,530000,省, , ,Jinghong
974,面,景宁畲族自治县,331127,景宁畲族自治县,331127,自治县,丽水市,331100,地级市,浙江省,330000,省, , ,Jingningshezu
975,面,景泰县,620423,景泰县,620423,县,白银市,620400,地级市,甘肃省,620000,省, , ,Jingtai
976,面,景县,131127,景县,131127,县,衡水市,131100,地级市,河北省,130000,省, , ,Jingxian
977,面,竞秀区,130602,竞秀区,130602,市辖区,保定市,130600,地级市,河北省,130000,省,新市区,2015年撤销新市区，设立竞秀区,Jingxiu
978,面,靖安县,360925,靖安县,360925,县,宜春市,360900,地级市,江西省,360000,省, , ,Jingan
979,面,靖边县,610824,靖边县,610824,县,榆林市,610800,地级市,陕西省,610000,省, , ,Jingbian
980,面,靖江市,321282,靖江市,321282,县级市,泰州市,321200,地级市,江苏省,320000,省, , ,Jingjiang
981,面,靖西市,451081,靖西市,451081,县级市,百色市,451000,地级市,广西壮族自治区,450000,自治区,靖西县,2015年撤销靖西县，设立靖西区,Jingxi
982,面,靖宇县,220622,靖宇县,220622,县,白山市,220600,地级市,吉林省,220000,省, , ,Jingyu
983,面,靖远县,620421,靖远县,620421,县,白银市,620400,地级市,甘肃省,620000,省, , ,Jingyuan
984,面,靖州苗族侗族自治县,431229,靖州苗族侗族自治县,431229,自治县,怀化市,431200,地级市,湖南省,430000,省, , ,Jingzhoumiaozuanddongzu
985,面,静安区,310106,静安区,310106,市辖区,不统计,0,不统计,上海市,310000,直辖市, ,2015年撤销闸北区、静安区，设立新的静安区,Jingan
986,面,静海区,120118,静海区,120118,市辖区,不统计,0,不统计,天津市,120000,直辖市,静海县,2015年撤销静海县，设立静海区,Jinghai
987,面,静乐县,140926,静乐县,140926,县,忻州市,140900,地级市,山西省,140000,省, , ,Jingle
988,面,静宁县,620826,静宁县,620826,县,平凉市,620800,地级市,甘肃省,620000,省, , ,Jingning
989,面,镜湖区,340202,镜湖区,340202,市辖区,芜湖市,340200,地级市,安徽省,340000,省,新芫区,2005年撤销新芫区，设立镜湖区,Jinghu
990,面,鸠江区,340207,鸠江区,340207,市辖区,芜湖市,340200,地级市,安徽省,340000,省, , ,Jiujiang
991,面,九龙坡区,500107,九龙坡区,500107,市辖区,不统计,0,不统计,重庆市,500000,直辖市, , ,Jiulongpo
992,面,九龙县,513324,九龙县,513324,县,甘孜藏族自治州,513300,自治州,四川省,510000,省, , ,Jiulong
993,面,九台区,220113,九台区,220113,市辖区,长春市,220100,地级市,吉林省,220000,省,九台市,2014年撤销九台市，设立九台区,Jiutai
994,面,九原区,150207,九原区,150207,市辖区,包头市,150200,地级市,内蒙古自治区,150000,自治区, , ,Jiuyuan
995,面,九寨沟县,513225,九寨沟县,513225,县,阿坝藏族羌族自治州,513200,自治州,四川省,510000,省, , ,Jiuzhaigou
996,面,久治县,632625,久治县,632625,县,果洛藏族自治州,632600,自治州,青海省,630000,省, , ,Jiuzhi
997,面,莒南县,371327,莒南县,371327,县,临沂市,371300,地级市,山东省,370000,省, , ,Junan
998,面,莒县,371122,莒县,371122,县,日照市,371100,地级市,山东省,370000,省, , ,Juxian
999,面,巨鹿县,130529,巨鹿县,130529,县,邢台市,130500,地级市,河北省,130000,省, , ,Julu
1000,面,巨野县,371724,巨野县,371724,县,菏泽市,371700,地级市,山东省,370000,省, , ,Juye
1001,面,句容市,321183,句容市,321183,县级市,镇江市,321100,地级市,江苏省,320000,省, , ,Jurong
1002,面,鄄城县,371726,鄄城县,371726,县,菏泽市,371700,地级市,山东省,370000,省, , ,Juancheng
1003,面,君山区,430611,君山区,430611,市辖区,岳阳市,430600,地级市,湖南省,430000,省, , ,Junshan
1004,面,浚县,410621,浚县,410621,县,鹤壁市,410600,地级市,河南省,410000,省, , ,Xunxian
1005,面,喀喇沁旗,150428,喀喇沁旗,150428,旗,赤峰市,150400,地级市,内蒙古自治区,150000,自治区, , ,Kalaqin
1006,面,喀喇沁左翼蒙古族自治县,211324,喀喇沁左翼蒙古族自治县,211324,自治县,朝阳市,211300,地级市,辽宁省,210000,省, , ,Kalaqinzuoyimengguzu
1007,面,喀什市,653101,喀什市,653101,县级市,喀什地区,653100,地区,新疆维吾尔自治区,650000,自治区, , ,Kashi
1008,面,卡若区,540302,卡若区,540302,市辖区,昌都市,540300,地级市,西藏自治区,540000,自治区,昌都县,2014年撤销昌都县，设立卡若区,Karuo
1009,面,开福区,430105,开福区,430105,市辖区,长沙市,430100,地级市,湖南省,430000,省, , ,Kaifu
1010,面,开化县,330824,开化县,330824,县,衢州市,330800,地级市,浙江省,330000,省, , ,Kaihua
1011,面,开江县,511723,开江县,511723,县,达州市,511700,地级市,四川省,510000,省, , ,Kaijiang
1012,面,开鲁县,150523,开鲁县,150523,县,通辽市,150500,地级市,内蒙古自治区,150000,自治区, , ,Kailu
1013,面,开平区,130205,开平区,130205,市辖区,唐山市,130200,地级市,河北省,130000,省, , ,Kaiping
1014,面,开平市,440783,开平市,440783,县级市,江门市,440700,地级市,广东省,440000,省, , ,Kaiping
1015,面,开阳县,520121,开阳县,520121,县,贵阳市,520100,地级市,贵州省,520000,省, , ,Kaiyang
1016,面,开原市,211282,开原市,211282,县级市,铁岭市,211200,地级市,辽宁省,210000,省, , ,Kaiyuan
1017,面,开远市,532502,开远市,532502,县级市,红河哈尼族彝族自治州,532500,自治州,云南省,530000,省, , ,Kaiyuan
1018,面,开州区,500154,开州区,500154,市辖区,不统计,0,不统计,重庆市,500000,直辖市,开县,2016年撤销开县，设立开州区,Kaizhou
1019,面,凯里市,522601,凯里市,522601,县级市,黔东南苗族侗族自治州,522600,自治州,贵州省,520000,省, , ,Kaili
1020,面,康保县,130723,康保县,130723,县,张家口市,130700,地级市,河北省,130000,省, , ,Kangbao
1021,面,康定市,513301,康定市,513301,县级市,甘孜藏族自治州,513300,自治州,四川省,510000,省,康定县, ,Kangding
1022,面,康乐县,622922,康乐县,622922,县,临夏回族自治州,622900,自治州,甘肃省,620000,省, , ,Kangle
1023,面,康马县,540230,康马县,540230,县,日喀则市,540200,地级市,西藏自治区,540000,自治区, , ,Kangma
1024,面,康平县,210123,康平县,210123,县,沈阳市,210100,地级市,辽宁省,210000,省, , ,Kangping
1025,面,康县,621224,康县,621224,县,陇南市,621200,地级市,甘肃省,620000,省, , ,Kangxian
1026,面,柯城区,330802,柯城区,330802,市辖区,衢州市,330800,地级市,浙江省,330000,省, , ,Kecheng
1027,面,柯坪县,652929,柯坪县,652929,县,阿克苏地区,652900,地区,新疆维吾尔自治区,650000,自治区, , ,Keping
1028,面,柯桥区,330603,柯桥区,330603,市辖区,绍兴市,330600,地级市,浙江省,330000,省,绍兴县,2013年撤销绍兴县，设立柯桥区,Keqiao
1029,面,科尔沁区,150502,科尔沁区,150502,市辖区,通辽市,150500,地级市,内蒙古自治区,150000,自治区, , ,Keerqin
1030,面,科尔沁右翼前旗,152221,科尔沁右翼前旗,152221,旗,兴安盟,152200,盟,内蒙古自治区,150000,自治区, , ,Keerqinyouyiqian
1031,面,科尔沁右翼中旗,152222,科尔沁右翼中旗,152222,旗,兴安盟,152200,盟,内蒙古自治区,150000,自治区, , ,Keerqinyouyizhong
1032,面,科尔沁左翼后旗,150522,科尔沁左翼后旗,150522,旗,通辽市,150500,地级市,内蒙古自治区,150000,自治区, , ,Keerqinzuoyihou
1033,面,科尔沁左翼中旗,150521,科尔沁左翼中旗,150521,旗,通辽市,150500,地级市,内蒙古自治区,150000,自治区, , ,Keerqinzuoyizhong
1034,面,可克达拉市,659008,可克达拉市,659008,县级市,不统计,0,不统计,新疆维吾尔自治区,650000,自治区, ,2015年新设县级可克达拉市，省直管,Kekedala
1035,面,岢岚县,140929,岢岚县,140929,县,忻州市,140900,地级市,山西省,140000,省, , ,Kelan
1036,面,克东县,230230,克东县,230230,县,齐齐哈尔市,230200,地级市,黑龙江省,230000,省, , ,Kedong
1037,面,克拉玛依区,650203,克拉玛依区,650203,市辖区,克拉玛依市,650200,地级市,新疆维吾尔自治区,650000,自治区, , ,Kelamayi
1038,面,克山县,230229,克山县,230229,县,齐齐哈尔市,230200,地级市,黑龙江省,230000,省, , ,Keshan
1039,面,克什克腾旗,150425,克什克腾旗,150425,旗,赤峰市,150400,地级市,内蒙古自治区,150000,自治区, , ,Keshiketeng
1040,面,垦利区,370505,垦利区,370505,市辖区,东营市,370500,地级市,山东省,370000,省,垦利县,2016年撤销垦利县，设立垦利区,Kenli
1041,面,崆峒区,620802,崆峒区,620802,市辖区,平凉市,620800,地级市,甘肃省,620000,省,平凉市,2002年撤销平凉市，设立崆峒区,Kongtong
1042,面,库车市,652902,库车市,652902,县级市,阿克苏地区,652900,地区,新疆维吾尔自治区,650000,自治区,库车县,2019年撤销库车县，设立库车市,Kuche
1043,面,库尔勒市,652801,库尔勒市,652801,县级市,巴音郭楞蒙古自治州,652800,自治州,新疆维吾尔自治区,650000,自治区, , ,Kuerle
1044,面,库伦旗,150524,库伦旗,150524,旗,通辽市,150500,地级市,内蒙古自治区,150000,自治区, , ,Kulun
1045,面,宽城满族自治县,130827,宽城满族自治县,130827,自治县,承德市,130800,地级市,河北省,130000,省, , ,Kuanchengmanzu
1046,面,宽城区,220103,宽城区,220103,市辖区,长春市,220100,地级市,吉林省,220000,省, , ,Kuancheng
1047,面,宽甸满族自治县,210624,宽甸满族自治县,210624,自治县,丹东市,210600,地级市,辽宁省,210000,省, , ,Kuandianmanzu
1048,面,矿区,140303,矿区,140303,市辖区,阳泉市,140300,地级市,山西省,140000,省, , ,Kuangqu
1049,面,奎屯市,654003,奎屯市,654003,县级市,伊犁哈萨克自治州,654000,自治州,新疆维吾尔自治区,650000,自治区, , ,Kuitun
1050,面,奎文区,370705,奎文区,370705,市辖区,潍坊市,370700,地级市,山东省,370000,省, , ,Kuiwen
1051,面,昆都仑区,150203,昆都仑区,150203,市辖区,包头市,150200,地级市,内蒙古自治区,150000,自治区, , ,Kundulun
1052,面,昆山市,320583,昆山市,320583,县级市,苏州市,320500,地级市,江苏省,320000,省, , ,Kunshan
1053,面,拉孜县,540225,拉孜县,540225,县,日喀则市,540200,地级市,西藏自治区,540000,自治区, , ,Lazi
1054,面,来安县,341122,来安县,341122,县,滁州市,341100,地级市,安徽省,340000,省, , ,Laian
1055,面,来凤县,422827,来凤县,422827,县,恩施土家族苗族自治州,422800,自治州,湖北省,420000,省, , ,Laifeng
1056,面,莱山区,370613,莱山区,370613,市辖区,烟台市,370600,地级市,山东省,370000,省, , ,Laishan
1057,面,莱芜区,370116,莱芜区,370116,市辖区,济南市,370100,地级市,山东省,370000,省,莱城区,2018年撤销莱城区，设立莱芜区，归济南市管辖,Laiwu
1058,面,莱西市,370285,莱西市,370285,县级市,青岛市,370200,地级市,山东省,370000,省, , ,Laixi
1059,面,莱阳市,370682,莱阳市,370682,县级市,烟台市,370600,地级市,山东省,370000,省, , ,Laiyang
1060,面,莱州市,370683,莱州市,370683,县级市,烟台市,370600,地级市,山东省,370000,省, , ,Laizhou
1061,面,涞水县,130623,涞水县,130623,县,保定市,130600,地级市,河北省,130000,省, , ,Laishui
1062,面,涞源县,130630,涞源县,130630,县,保定市,130600,地级市,河北省,130000,省, , ,Laiyuan
1063,面,兰考县,410225,兰考县,410225,县,开封市,410200,地级市,河南省,410000,省, , ,Lankao
1064,面,兰陵县,371324,兰陵县,371324,县,临沂市,371300,地级市,山东省,370000,省,苍山县,2014年更名为兰陵县,Lanling
1065,面,兰坪白族普米族自治县,533325,兰坪白族普米族自治县,533325,自治县,怒江傈僳族自治州,533300,自治州,云南省,530000,省, , ,Lanpingbaizuandpumizu
1066,面,兰山区,371302,兰山区,371302,市辖区,临沂市,371300,地级市,山东省,370000,省, , ,Lanshan
1067,面,兰西县,231222,兰西县,231222,县,绥化市,231200,地级市,黑龙江省,230000,省, , ,Lanxi
1068,面,兰溪市,330781,兰溪市,330781,县级市,金华市,330700,地级市,浙江省,330000,省, , ,Lanxi
1069,面,岚皋县,610925,岚皋县,610925,县,安康市,610900,地级市,陕西省,610000,省, , ,Langao
1070,面,岚山区,371103,岚山区,371103,市辖区,日照市,371100,地级市,山东省,370000,省, ,2004年新设立岚山区,Lanshan
1071,面,岚县,141127,岚县,141127,县,吕梁市,141100,地级市,山西省,140000,省, , ,Lanxian
1072,面,蓝山县,431127,蓝山县,431127,县,永州市,431100,地级市,湖南省,430000,省, , ,Lanshan
1073,面,蓝田县,610122,蓝田县,610122,县,西安市,610100,地级市,陕西省,610000,省, , ,Lantian
1074,面,澜沧拉祜族自治县,530828,澜沧拉祜族自治县,530828,自治县,普洱市,530800,地级市,云南省,530000,省, , ,Lancanglahuzu
1075,面,郎溪县,341821,郎溪县,341821,县,宣城市,341800,地级市,安徽省,340000,省, , ,Langxi
1076,面,阆中市,511381,阆中市,511381,县级市,南充市,511300,地级市,四川省,510000,省, , ,Langzhong
1077,面,琅琊区,341102,琅琊区,341102,市辖区,滁州市,341100,地级市,安徽省,340000,省, , ,Langya
1078,面,朗县,540426,朗县,540426,县,林芝市,540400,地级市,西藏自治区,540000,自治区, , ,Langxian
1079,面,浪卡子县,540531,浪卡子县,540531,县,山南市,540500,地级市,西藏自治区,540000,自治区, , ,Langqiazi
1080,面,崂山区,370212,崂山区,370212,市辖区,青岛市,370200,地级市,山东省,370000,省, , ,Laoshan
1081,面,老边区,210811,老边区,210811,市辖区,营口市,210800,地级市,辽宁省,210000,省, , ,Laobian
1082,面,老城区,410302,老城区,410302,市辖区,洛阳市,410300,地级市,河南省,410000,省, , ,Laocheng
1083,面,老河口市,420682,老河口市,420682,县级市,襄阳市,420600,地级市,湖北省,420000,省, , ,Laohekou
1084,面,乐安县,361025,乐安县,361025,县,抚州市,361000,地级市,江西省,360000,省, , ,Lean
1085,面,乐昌市,440281,乐昌市,440281,县级市,韶关市,440200,地级市,广东省,440000,省, , ,Lechang
1086,面,乐东黎族自治县,469027,乐东黎族自治县,469027,自治县,不统计,0,不统计,海南省,460000,省, ,"省直辖县,省直管,是县级单位",Ledonglizu
1087,面,乐都区,630202,乐都区,630202,市辖区,海东市,630200,地级市,青海省,630000,省,乐都县,2013年撤销乐都县，设立乐都区,Ledu
1088,面,乐陵市,371481,乐陵市,371481,县级市,德州市,371400,地级市,山东省,370000,省, , ,Leling
1089,面,乐平市,360281,乐平市,360281,县级市,景德镇市,360200,地级市,江西省,360000,省, , ,Leping
1090,面,乐清市,330382,乐清市,330382,县级市,温州市,330300,地级市,浙江省,330000,省, , ,Yueqing
1091,面,乐亭县,130225,乐亭县,130225,县,唐山市,130200,地级市,河北省,130000,省, , ,Leting
1092,面,乐业县,451028,乐业县,451028,县,百色市,451000,地级市,广西壮族自治区,450000,自治区, , ,Leye
1093,面,乐至县,512022,乐至县,512022,县,资阳市,512000,地级市,四川省,510000,省, , ,Lezhi
1094,面,雷波县,513437,雷波县,513437,县,凉山彝族自治州,513400,自治州,四川省,510000,省, , ,Leibo
1095,面,雷山县,522634,雷山县,522634,县,黔东南苗族侗族自治州,522600,自治州,贵州省,520000,省, , ,Leishan
1096,面,雷州市,440882,雷州市,440882,县级市,湛江市,440800,地级市,广东省,440000,省, , ,Leizhou
1097,面,耒阳市,430481,耒阳市,430481,县级市,衡阳市,430400,地级市,湖南省,430000,省, , ,Leiyang
1098,面,类乌齐县,540323,类乌齐县,540323,县,昌都市,540300,地级市,西藏自治区,540000,自治区, , ,Leiwuqi
1099,面,冷水江市,431381,冷水江市,431381,县级市,娄底市,431300,地级市,湖南省,430000,省, , ,Lengshuijiang
1100,面,冷水滩区,431103,冷水滩区,431103,市辖区,永州市,431100,地级市,湖南省,430000,省, , ,Lengshuitan
1101,面,离石区,141102,离石区,141102,市辖区,吕梁市,141100,地级市,山西省,140000,省,离石市,2003年撤销离石市，设立离石区,Lishi
1102,面,梨树区,230305,梨树区,230305,市辖区,鸡西市,230300,地级市,黑龙江省,230000,省, , ,Lishu
1103,面,梨树县,220322,梨树县,220322,县,四平市,220300,地级市,吉林省,220000,省, , ,Lishu
1104,面,黎城县,140426,黎城县,140426,县,长治市,140400,地级市,山西省,140000,省, , ,Licheng
1105,面,黎川县,361022,黎川县,361022,县,抚州市,361000,地级市,江西省,360000,省, , ,Lichuan
1106,面,黎平县,522631,黎平县,522631,县,黔东南苗族侗族自治州,522600,自治州,贵州省,520000,省, , ,Liping
1107,面,蠡县,130635,蠡县,130635,县,保定市,130600,地级市,河北省,130000,省, , ,Lixian
1108,面,礼泉县,610425,礼泉县,610425,县,咸阳市,610400,地级市,陕西省,610000,省, , ,Liquan
1109,面,礼县,621226,礼县,621226,县,陇南市,621200,地级市,甘肃省,620000,省, , ,Lixian
1110,面,李沧区,370213,李沧区,370213,市辖区,青岛市,370200,地级市,山东省,370000,省, , ,Licang
1111,面,理塘县,513334,理塘县,513334,县,甘孜藏族自治州,513300,自治州,四川省,510000,省, , ,Litang
1112,面,理县,513222,理县,513222,县,阿坝藏族羌族自治州,513200,自治州,四川省,510000,省, , ,Lixian
1113,面,鲤城区,350502,鲤城区,350502,市辖区,泉州市,350500,地级市,福建省,350000,省, , ,Licheng
1114,面,澧县,430723,澧县,430723,县,常德市,430700,地级市,湖南省,430000,省, , ,Lixian
1115,面,醴陵市,430281,醴陵市,430281,县级市,株洲市,430200,地级市,湖南省,430000,省, , ,Liling
1116,面,历城区,370112,历城区,370112,市辖区,济南市,370100,地级市,山东省,370000,省, , ,Licheng
1117,面,历下区,370102,历下区,370102,市辖区,济南市,370100,地级市,山东省,370000,省, , ,Lixia
1118,面,立山区,210304,立山区,210304,市辖区,鞍山市,210300,地级市,辽宁省,210000,省, , ,Lishan
1119,面,利川市,422802,利川市,422802,县级市,恩施土家族苗族自治州,422800,自治州,湖北省,420000,省, , ,Lichuan
1120,面,利津县,370522,利津县,370522,县,东营市,370500,地级市,山东省,370000,省, , ,Lijin
1121,面,利通区,640302,利通区,640302,市辖区,吴忠市,640300,地级市,宁夏回族自治区,640000,自治区, , ,Litong
1122,面,利辛县,341623,利辛县,341623,县,亳州市,341600,地级市,安徽省,340000,省, , ,Lixin
1123,面,利州区,510802,利州区,510802,市辖区,广元市,510800,地级市,四川省,510000,省,市中区,2007年市中区更名为利州区,Lizhou
1124,面,荔波县,522722,荔波县,522722,县,黔南布依族苗族自治州,522700,自治州,贵州省,520000,省, , ,Libo
1125,面,荔城区,350304,荔城区,350304,市辖区,莆田市,350300,地级市,福建省,350000,省, ,2002年新设立荔城区,Licheng
1126,面,荔浦市,450381,荔浦市,450381,县级市,桂林市,450300,地级市,广西壮族自治区,450000,自治区,荔浦县,2018年撤销荔浦县，设立荔浦市,Lipu
1127,面,荔湾区,440103,荔湾区,440103,市辖区,广州市,440100,地级市,广东省,440000,省, , ,Liwan
1128,面,溧水区,320117,溧水区,320117,市辖区,南京市,320100,地级市,江苏省,320000,省,溧水县,2013年撤销溧水县，设立溧水区,Lishui
1129,面,溧阳市,320481,溧阳市,320481,县级市,常州市,320400,地级市,江苏省,320000,省, , ,Liyang
1130,面,连城县,350825,连城县,350825,县,龙岩市,350800,地级市,福建省,350000,省, , ,Liancheng
1131,面,连江县,350122,连江县,350122,县,福州市,350100,地级市,福建省,350000,省, , ,Lianjiang
1132,面,连南瑶族自治县,441826,连南瑶族自治县,441826,自治县,清远市,441800,地级市,广东省,440000,省, , ,Liannanyaozu
1133,面,连平县,441623,连平县,441623,县,河源市,441600,地级市,广东省,440000,省, , ,Lianping
1134,面,连山区,211402,连山区,211402,市辖区,葫芦岛市,211400,地级市,辽宁省,210000,省, , ,Lianshan
1135,面,连山壮族瑶族自治县,441825,连山壮族瑶族自治县,441825,自治县,清远市,441800,地级市,广东省,440000,省, , ,Lianshanzhuangzuandyaozu
1136,面,连云区,320703,连云区,320703,市辖区,连云港市,320700,地级市,江苏省,320000,省, , ,Lianyun
1137,面,连州市,441882,连州市,441882,县级市,清远市,441800,地级市,广东省,440000,省, , ,Lianzhou
1138,面,莲池区,130606,莲池区,130606,市辖区,保定市,130600,地级市,河北省,130000,省,北市区、南市区,2015年撤销北市区、南市区，设立莲池区,Lianchi
1139,面,莲都区,331102,莲都区,331102,市辖区,丽水市,331100,地级市,浙江省,330000,省, , ,Liandu
1140,面,莲湖区,610104,莲湖区,610104,市辖区,西安市,610100,地级市,陕西省,610000,省, , ,Lianhu
1141,面,莲花县,360321,莲花县,360321,县,萍乡市,360300,地级市,江西省,360000,省, , ,Lianhua
1142,面,涟水县,320826,涟水县,320826,县,淮安市,320800,地级市,江苏省,320000,省, , ,Lianshui
1143,面,涟源市,431382,涟源市,431382,县级市,娄底市,431300,地级市,湖南省,430000,省, , ,Lianyuan
1144,面,廉江市,440881,廉江市,440881,县级市,湛江市,440800,地级市,广东省,440000,省, , ,Lianjiang
1145,面,濂溪区,360402,濂溪区,360402,市辖区,九江市,360400,地级市,江西省,360000,省,庐山区,2016年撤销庐山区，设立濂溪区,Lianxi
1146,面,良庆区,450108,良庆区,450108,市辖区,南宁市,450100,地级市,广西壮族自治区,450000,自治区, , ,Liangqing
1147,面,凉城县,150925,凉城县,150925,县,乌兰察布市,150900,地级市,内蒙古自治区,150000,自治区, , ,Liangcheng
1148,面,凉州区,620602,凉州区,620602,市辖区,武威市,620600,地级市,甘肃省,620000,省, , ,Liangzhou
1149,面,梁河县,533122,梁河县,533122,县,德宏傣族景颇族自治州,533100,自治州,云南省,530000,省, , ,Lianghe
1150,面,梁平区,500155,梁平区,500155,市辖区,不统计,0,不统计,重庆市,500000,直辖市,梁平县,2016年撤销梁平县，设立梁平区,Liangping
1151,面,梁山县,370832,梁山县,370832,县,济宁市,370800,地级市,山东省,370000,省, , ,Liangshan
1152,面,梁溪区,320213,梁溪区,320213,市辖区,无锡市,320200,地级市,江苏省,320000,省, ,2015年撤销崇安区、南长区、北塘区，设立梁溪区,Liangxi
1153,面,梁园区,411402,梁园区,411402,市辖区,商丘市,411400,地级市,河南省,410000,省, , ,Liangyuan
1154,面,梁子湖区,420702,梁子湖区,420702,市辖区,鄂州市,420700,地级市,湖北省,420000,省, , ,Liangzihu
1155,面,两当县,621228,两当县,621228,县,陇南市,621200,地级市,甘肃省,620000,省, , ,Liangdang
1156,面,辽阳县,211021,辽阳县,211021,县,辽阳市,211000,地级市,辽宁省,210000,省, , ,Liaoyang
1157,面,辽中区,210115,辽中区,210115,市辖区,沈阳市,210100,地级市,辽宁省,210000,省,辽中县,2016年撤销辽中县，设立辽中区,Liaozhong
1158,面,烈山区,340604,烈山区,340604,市辖区,淮北市,340600,地级市,安徽省,340000,省, , ,Lieshan
1159,面,邻水县,511623,邻水县,511623,县,广安市,511600,地级市,四川省,510000,省, , ,Linshui
1160,面,林甸县,230623,林甸县,230623,县,大庆市,230600,地级市,黑龙江省,230000,省, , ,Lindian
1161,面,林口县,231025,林口县,231025,县,牡丹江市,231000,地级市,黑龙江省,230000,省, , ,Linkou
1162,面,林西县,150424,林西县,150424,县,赤峰市,150400,地级市,内蒙古自治区,150000,自治区, , ,Linxi
1163,面,林州市,410581,林州市,410581,县级市,安阳市,410500,地级市,河南省,410000,省, , ,Linzhou
1164,面,林周县,540121,林周县,540121,县,拉萨市,540100,地级市,西藏自治区,540000,自治区, , ,Linzhou
1165,面,临安区,330112,临安区,330112,市辖区,杭州市,330100,地级市,浙江省,330000,省,临安市,2017年撤销临安市，设立临安区,Linan
1166,面,临城县,130522,临城县,130522,县,邢台市,130500,地级市,河北省,130000,省, , ,Lincheng
1167,面,临川区,361002,临川区,361002,市辖区,抚州市,361000,地级市,江西省,360000,省, , ,Linchuan
1168,面,临高县,469024,临高县,469024,县,不统计,0,不统计,海南省,460000,省, ,"省直辖县,省直管,是县级单位",Lingao
1169,面,临桂区,450312,临桂区,450312,市辖区,桂林市,450300,地级市,广西壮族自治区,450000,自治区,临桂县,2013年撤销临桂县，设立临桂区,Lingui
1170,面,临海市,331082,临海市,331082,县级市,台州市,331000,地级市,浙江省,330000,省, , ,Linhai
1171,面,临河区,150802,临河区,150802,市辖区,巴彦淖尔市,150800,地级市,内蒙古自治区,150000,自治区, , ,Linhe
1172,面,临江市,220681,临江市,220681,县级市,白山市,220600,地级市,吉林省,220000,省, , ,Linjiang
1173,面,临澧县,430724,临澧县,430724,县,常德市,430700,地级市,湖南省,430000,省, , ,Linli
1174,面,临清市,371581,临清市,371581,县级市,聊城市,371500,地级市,山东省,370000,省, , ,Linqing
1175,面,临朐县,370724,临朐县,370724,县,潍坊市,370700,地级市,山东省,370000,省, , ,Linqu
1176,面,临泉县,341221,临泉县,341221,县,阜阳市,341200,地级市,安徽省,340000,省, , ,Linquan
1177,面,临沭县,371329,临沭县,371329,县,临沂市,371300,地级市,山东省,370000,省, , ,Linshu
1178,面,临潭县,623021,临潭县,623021,县,甘南藏族自治州,623000,自治州,甘肃省,620000,省, , ,Lintan
1179,面,临洮县,621124,临洮县,621124,县,定西市,621100,地级市,甘肃省,620000,省, , ,Lintao
1180,面,临潼区,610115,临潼区,610115,市辖区,西安市,610100,地级市,陕西省,610000,省, , ,Lintong
1181,面,临渭区,610502,临渭区,610502,市辖区,渭南市,610500,地级市,陕西省,610000,省, , ,Linwei
1182,面,临武县,431025,临武县,431025,县,郴州市,431000,地级市,湖南省,430000,省, , ,Linwu
1183,面,临西县,130535,临西县,130535,县,邢台市,130500,地级市,河北省,130000,省, , ,Linxi
1184,面,临夏市,622901,临夏市,622901,县级市,临夏回族自治州,622900,自治州,甘肃省,620000,省, , ,Linxia
1185,面,临夏县,622921,临夏县,622921,县,临夏回族自治州,622900,自治州,甘肃省,620000,省, , ,Linxia
1186,面,临县,141124,临县,141124,县,吕梁市,141100,地级市,山西省,140000,省, , ,Linxian
1187,面,临湘市,430682,临湘市,430682,县级市,岳阳市,430600,地级市,湖南省,430000,省, , ,Linxiang
1188,面,临翔区,530902,临翔区,530902,市辖区,临沧市,530900,地级市,云南省,530000,省, , ,Linxiang
1189,面,临猗县,140821,临猗县,140821,县,运城市,140800,地级市,山西省,140000,省, , ,Linyi
1190,面,临邑县,371424,临邑县,371424,县,德州市,371400,地级市,山东省,370000,省, , ,Linyi
1191,面,临颍县,411122,临颍县,411122,县,漯河市,411100,地级市,河南省,410000,省, , ,Linying
1192,面,临泽县,620723,临泽县,620723,县,张掖市,620700,地级市,甘肃省,620000,省, , ,Linze
1193,面,临漳县,130423,临漳县,130423,县,邯郸市,130400,地级市,河北省,130000,省, , ,Linzhang
1194,面,临淄区,370305,临淄区,370305,市辖区,淄博市,370300,地级市,山东省,370000,省, , ,Linzi
1195,面,麟游县,610329,麟游县,610329,县,宝鸡市,610300,地级市,陕西省,610000,省, , ,Linyou
1196,面,灵宝市,411282,灵宝市,411282,县级市,三门峡市,411200,地级市,河南省,410000,省, , ,Lingbao
1197,面,灵璧县,341323,灵璧县,341323,县,宿州市,341300,地级市,安徽省,340000,省, , ,Lingbi
1198,面,灵川县,450323,灵川县,450323,县,桂林市,450300,地级市,广西壮族自治区,450000,自治区, , ,Lingchuan
1199,面,灵丘县,140224,灵丘县,140224,县,大同市,140200,地级市,山西省,140000,省, , ,Lingqiu
1200,面,灵山县,450721,灵山县,450721,县,钦州市,450700,地级市,广西壮族自治区,450000,自治区, , ,Lingshan
1201,面,灵石县,140729,灵石县,140729,县,晋中市,140700,地级市,山西省,140000,省, , ,Lingshi
1202,面,灵寿县,130126,灵寿县,130126,县,石家庄市,130100,地级市,河北省,130000,省, , ,Lingshou
1203,面,灵台县,620822,灵台县,620822,县,平凉市,620800,地级市,甘肃省,620000,省, , ,Lingtai
1204,面,灵武市,640181,灵武市,640181,县级市,银川市,640100,地级市,宁夏回族自治区,640000,自治区, , ,Lingwu
1205,面,凌海市,210781,凌海市,210781,县级市,锦州市,210700,地级市,辽宁省,210000,省, , ,Linghai
1206,面,凌河区,210703,凌河区,210703,市辖区,锦州市,210700,地级市,辽宁省,210000,省, , ,Linghe
1207,面,凌源市,211382,凌源市,211382,县级市,朝阳市,211300,地级市,辽宁省,210000,省, , ,Lingyuan
1208,面,凌云县,451027,凌云县,451027,县,百色市,451000,地级市,广西壮族自治区,450000,自治区, , ,Lingyun
1209,面,陵城区,371403,陵城区,371403,市辖区,德州市,371400,地级市,山东省,370000,省,陵县,2014年撤销陵县，设立陵城区,Lingcheng
1210,面,陵川县,140524,陵川县,140524,县,晋城市,140500,地级市,山西省,140000,省, , ,Lingchuan
1211,面,陵水黎族自治县,469028,陵水黎族自治县,469028,自治县,不统计,0,不统计,海南省,460000,省, ,"省直辖县,省直管,是县级单位",Lingshuilizu
1212,面,零陵区,431102,零陵区,431102,市辖区,永州市,431100,地级市,湖南省,430000,省, , ,Lingling
1213,面,岭东区,230503,岭东区,230503,市辖区,双鸭山市,230500,地级市,黑龙江省,230000,省, , ,Lingdong
1214,面,浏阳市,430181,浏阳市,430181,县级市,长沙市,430100,地级市,湖南省,430000,省, , ,Liuyang
1215,面,留坝县,610729,留坝县,610729,县,汉中市,610700,地级市,陕西省,610000,省, , ,Liuba
1216,面,柳北区,450205,柳北区,450205,市辖区,柳州市,450200,地级市,广西壮族自治区,450000,自治区, , ,Liubei
1217,面,柳城县,450222,柳城县,450222,县,柳州市,450200,地级市,广西壮族自治区,450000,自治区, , ,Liucheng
1218,面,柳河县,220524,柳河县,220524,县,通化市,220500,地级市,吉林省,220000,省, , ,Liuhe
1219,面,柳江区,450206,柳江区,450206,市辖区,柳州市,450200,地级市,广西壮族自治区,450000,自治区,柳江县,2016年撤销柳江县，设立柳江区,Liujiang
1220,面,柳林县,141125,柳林县,141125,县,吕梁市,141100,地级市,山西省,140000,省, , ,Liulin
1221,面,柳南区,450204,柳南区,450204,市辖区,柳州市,450200,地级市,广西壮族自治区,450000,自治区, , ,Liunan
1222,面,六合区,320116,六合区,320116,市辖区,南京市,320100,地级市,江苏省,320000,省,大厂区和六合县,2002年撤销大厂区和六合县，设立六合区,Liuhe
1223,面,六枝特区,520203,六枝特区,520203,特区,六盘水市,520200,地级市,贵州省,520000,省, , ,Liuzhite
1224,面,龙安区,410506,龙安区,410506,市辖区,安阳市,410500,地级市,河南省,410000,省,郊区,2002年撤销郊区，设立龙安区,Longan
1225,面,龙城区,211303,龙城区,211303,市辖区,朝阳市,211300,地级市,辽宁省,210000,省, ,2006年新设立龙城区,Longcheng
1226,面,龙川县,441622,龙川县,441622,县,河源市,441600,地级市,广东省,440000,省, , ,Longchuan
1227,面,龙凤区,230603,龙凤区,230603,市辖区,大庆市,230600,地级市,黑龙江省,230000,省, , ,Longfeng
1228,面,龙岗区,440307,龙岗区,440307,市辖区,深圳市,440300,地级市,广东省,440000,省, , ,Longgang
1229,面,龙港区,211403,龙港区,211403,市辖区,葫芦岛市,211400,地级市,辽宁省,210000,省, , ,Longgang
1230,面,龙海区,350604,龙海区,350604,市辖区,漳州市,350600,地级市,福建省,350000,省,龙海市,2021年撤销龙海市，设立龙海区,Longhai
1231,面,龙湖区,440507,龙湖区,440507,市辖区,汕头市,440500,地级市,广东省,440000,省, , ,Longhu
1232,面,龙华区,460106,龙华区,460106,市辖区,海口市,460100,地级市,海南省,460000,省,新华区,2002年撤销新华区，设立龙华区,Longhua
1233,面,龙江县,230221,龙江县,230221,县,齐齐哈尔市,230200,地级市,黑龙江省,230000,省, , ,Longjiang
1234,面,龙井市,222405,龙井市,222405,县级市,延边朝鲜族自治州,222400,自治州,吉林省,220000,省, , ,Longjing
1235,面,龙口市,370681,龙口市,370681,县级市,烟台市,370600,地级市,山东省,370000,省, , ,Longkou
1236,面,龙里县,522730,龙里县,522730,县,黔南布依族苗族自治州,522700,自治州,贵州省,520000,省, , ,Longli
1237,面,龙陵县,530523,龙陵县,530523,县,保山市,530500,地级市,云南省,530000,省, , ,Longling
1238,面,龙马潭区,510504,龙马潭区,510504,市辖区,泸州市,510500,地级市,四川省,510000,省, , ,Longmatan
1239,面,龙门县,441324,龙门县,441324,县,惠州市,441300,地级市,广东省,440000,省, , ,Longmen
1240,面,龙南市,360783,龙南市,360783,县级市,赣州市,360700,地级市,江西省,360000,省,龙南县,2020年撤销龙南县，设立龙南市,Longnan
1241,面,龙泉市,331181,龙泉市,331181,县级市,丽水市,331100,地级市,浙江省,330000,省, , ,Longquan
1242,面,龙泉驿区,510112,龙泉驿区,510112,市辖区,成都市,510100,地级市,四川省,510000,省, , ,Longquanyi
1243,面,龙沙区,230202,龙沙区,230202,市辖区,齐齐哈尔市,230200,地级市,黑龙江省,230000,省, , ,Longsha
1244,面,龙山区,220402,龙山区,220402,市辖区,辽源市,220400,地级市,吉林省,220000,省, , ,Longshan
1245,面,龙山县,433130,龙山县,433130,县,湘西土家族苗族自治州,433100,自治州,湖南省,430000,省, , ,Longshan
1246,面,龙胜各族自治县,450328,龙胜各族自治县,450328,自治县,桂林市,450300,地级市,广西壮族自治区,450000,自治区, , ,Longshenggezu
1247,面,龙潭区,220203,龙潭区,220203,市辖区,吉林市,220200,地级市,吉林省,220000,省, , ,Longtan
1248,面,龙亭区,410202,龙亭区,410202,市辖区,开封市,410200,地级市,河南省,410000,省, ,2014年撤销金明区，并入龙亭区,Longting
1249,面,龙湾区,330303,龙湾区,330303,市辖区,温州市,330300,地级市,浙江省,330000,省, ,2001年新设立龙湾区,Longwan
1250,面,龙圩区,450406,龙圩区,450406,市辖区,梧州市,450400,地级市,广西壮族自治区,450000,自治区, , ,Longxu
1251,面,龙文区,350603,龙文区,350603,市辖区,漳州市,350600,地级市,福建省,350000,省, , ,Longwen
1252,面,龙游县,330825,龙游县,330825,县,衢州市,330800,地级市,浙江省,330000,省, , ,Longyou
1253,面,龙州县,451423,龙州县,451423,县,崇左市,451400,地级市,广西壮族自治区,450000,自治区, , ,Longzhou
1254,面,龙子湖区,340302,龙子湖区,340302,市辖区,蚌埠市,340300,地级市,安徽省,340000,省,东市区,2004年东市区更名为龙子湖区,Longzihu
1255,面,隆安县,450123,隆安县,450123,县,南宁市,450100,地级市,广西壮族自治区,450000,自治区, , ,Longan
1256,面,隆昌市,511083,隆昌市,511083,县级市,内江市,511000,地级市,四川省,510000,省,隆昌县,2017年撤销隆昌县，设立隆昌市,Longchang
1257,面,隆德县,640423,隆德县,640423,县,固原市,640400,地级市,宁夏回族自治区,640000,自治区, , ,Longde
1258,面,隆化县,130825,隆化县,130825,县,承德市,130800,地级市,河北省,130000,省, , ,Longhua
1259,面,隆回县,430524,隆回县,430524,县,邵阳市,430500,地级市,湖南省,430000,省, , ,Longhui
1260,面,隆林各族自治县,451031,隆林各族自治县,451031,自治县,百色市,451000,地级市,广西壮族自治区,450000,自治区, , ,Longlingezu
1261,面,隆阳区,530502,隆阳区,530502,市辖区,保山市,530500,地级市,云南省,530000,省, , ,Longyang
1262,面,隆尧县,130525,隆尧县,130525,县,邢台市,130500,地级市,河北省,130000,省, , ,Longyao
1263,面,隆子县,540529,隆子县,540529,县,山南市,540500,地级市,西藏自治区,540000,自治区, , ,Longzi
1264,面,陇川县,533124,陇川县,533124,县,德宏傣族景颇族自治州,533100,自治州,云南省,530000,省, , ,Longchuan
1265,面,陇西县,621122,陇西县,621122,县,定西市,621100,地级市,甘肃省,620000,省, , ,Longxi
1266,面,陇县,610327,陇县,610327,县,宝鸡市,610300,地级市,陕西省,610000,省, , ,Longxian
1267,面,娄烦县,140123,娄烦县,140123,县,太原市,140100,地级市,山西省,140000,省, , ,Loufan
1268,面,娄星区,431302,娄星区,431302,市辖区,娄底市,431300,地级市,湖南省,430000,省, , ,Louxing
1269,面,卢龙县,130324,卢龙县,130324,县,秦皇岛市,130300,地级市,河北省,130000,省, , ,Lulong
1270,面,卢氏县,411224,卢氏县,411224,县,三门峡市,411200,地级市,河南省,410000,省, , ,Lushi
1271,面,芦山县,511826,芦山县,511826,县,雅安市,511800,地级市,四川省,510000,省, , ,Lushan
1272,面,芦淞区,430203,芦淞区,430203,市辖区,株洲市,430200,地级市,湖南省,430000,省, , ,Lusong
1273,面,芦溪县,360323,芦溪县,360323,县,萍乡市,360300,地级市,江西省,360000,省, , ,Luxi
1274,面,庐江县,340124,庐江县,340124,县,合肥市,340100,地级市,安徽省,340000,省, ,2011年撤销地级巢湖市，设立合肥市庐江县,Lujiang
1275,面,庐山市,360483,庐山市,360483,县级市,九江市,360400,地级市,江西省,360000,省,星子县,2016年撤销星子县，设立庐山市,Lushan
1276,面,庐阳区,340103,庐阳区,340103,市辖区,合肥市,340100,地级市,安徽省,340000,省,中市区,2002年中市区更名为庐阳区,Luyang
1277,面,炉霍县,513327,炉霍县,513327,县,甘孜藏族自治州,513300,自治州,四川省,510000,省, , ,Luhuo
1278,面,泸定县,513322,泸定县,513322,县,甘孜藏族自治州,513300,自治州,四川省,510000,省, , ,Luding
1279,面,泸水市,533301,泸水市,533301,县级市,怒江傈僳族自治州,533300,自治州,云南省,530000,省,泸水县,2016年撤销泸水县，设立泸水市,Lushui
1280,面,泸西县,532527,泸西县,532527,县,红河哈尼族彝族自治州,532500,自治州,云南省,530000,省, , ,Luxi
1281,面,泸溪县,433122,泸溪县,433122,县,湘西土家族苗族自治州,433100,自治州,湖南省,430000,省, , ,Luxi
1282,面,泸县,510521,泸县,510521,县,泸州市,510500,地级市,四川省,510000,省, , ,Luxian
1283,面,鲁甸县,530621,鲁甸县,530621,县,昭通市,530600,地级市,云南省,530000,省, , ,Ludian
1284,面,鲁山县,410423,鲁山县,410423,县,平顶山市,410400,地级市,河南省,410000,省, , ,Lushan
1285,面,陆川县,450922,陆川县,450922,县,玉林市,450900,地级市,广西壮族自治区,450000,自治区, , ,Luchuan
1286,面,陆丰市,441581,陆丰市,441581,县级市,汕尾市,441500,地级市,广东省,440000,省, , ,Lufeng
1287,面,陆河县,441523,陆河县,441523,县,汕尾市,441500,地级市,广东省,440000,省, , ,Luhe
1288,面,陆良县,530322,陆良县,530322,县,曲靖市,530300,地级市,云南省,530000,省, , ,Luliang
1289,面,鹿城区,330302,鹿城区,330302,市辖区,温州市,330300,地级市,浙江省,330000,省, ,2001年新设立鹿城区,Lucheng
1290,面,鹿泉区,130110,鹿泉区,130110,市辖区,石家庄市,130100,地级市,河北省,130000,省,鹿泉市,2014年撤销鹿泉市，设立鹿泉区,Luquan
1291,面,鹿邑县,411628,鹿邑县,411628,县,周口市,411600,地级市,河南省,410000,省, , ,Luyi
1292,面,鹿寨县,450223,鹿寨县,450223,县,柳州市,450200,地级市,广西壮族自治区,450000,自治区, , ,Luzhai
1293,面,渌口区,430212,渌口区,430212,市辖区,株洲市,430200,地级市,湖南省,430000,省,株洲县,2018年撤销株洲县，设立渌口区,Lukou
1294,面,禄丰市,532302,禄丰市,532302,县级市,楚雄彝族自治州,532300,自治州,云南省,530000,省,禄丰县,2021年撤销禄丰县，设立禄丰市,Lufeng
1295,面,禄劝彝族苗族自治县,530128,禄劝彝族苗族自治县,530128,自治县,昆明市,530100,地级市,云南省,530000,省, , ,Luquanyizuandmiaozu
1296,面,碌曲县,623026,碌曲县,623026,县,甘南藏族自治州,623000,自治州,甘肃省,620000,省, , ,Luqu
1297,面,路北区,130203,路北区,130203,市辖区,唐山市,130200,地级市,河北省,130000,省, , ,Lubei
1298,面,路南区,130202,路南区,130202,市辖区,唐山市,130200,地级市,河北省,130000,省, , ,Lunan
1299,面,路桥区,331004,路桥区,331004,市辖区,台州市,331000,地级市,浙江省,330000,省, , ,Luqiao
1300,面,潞城区,140406,潞城区,140406,市辖区,长治市,140400,地级市,山西省,140000,省,潞城市,2018年撤销潞城市，设立潞城区,Lucheng
1301,面,潞州区,140403,潞州区,140403,市辖区,长治市,140400,地级市,山西省,140000,省,城区、郊区,2018年撤销城区、郊区，设立潞州区,Luzhou
1302,面,栾城区,130111,栾城区,130111,市辖区,石家庄市,130100,地级市,河北省,130000,省,栾城县,2014年撤销栾城县，设立栾城区,Luancheng
1303,面,栾川县,410324,栾川县,410324,县,洛阳市,410300,地级市,河南省,410000,省, , ,Luanchuan
1304,面,滦南县,130224,滦南县,130224,县,唐山市,130200,地级市,河北省,130000,省, , ,Luannan
1305,面,滦平县,130824,滦平县,130824,县,承德市,130800,地级市,河北省,130000,省, , ,Luanping
1306,面,滦州市,130284,滦州市,130284,县级市,唐山市,130200,地级市,河北省,130000,省,滦县,2018年撤销滦县，设立滦州市,Luanzhou
1307,面,轮台县,652822,轮台县,652822,县,巴音郭楞蒙古自治州,652800,自治州,新疆维吾尔自治区,650000,自治区, , ,Luntai
1308,面,罗城仫佬族自治县,451225,罗城仫佬族自治县,451225,自治县,河池市,451200,地级市,广西壮族自治区,450000,自治区, , ,Luochengmulaozu
1309,面,罗甸县,522728,罗甸县,522728,县,黔南布依族苗族自治州,522700,自治州,贵州省,520000,省, , ,Luodian
1310,面,罗定市,445381,罗定市,445381,县级市,云浮市,445300,地级市,广东省,440000,省, , ,Luoding
1311,面,罗湖区,440303,罗湖区,440303,市辖区,深圳市,440300,地级市,广东省,440000,省, , ,Luohu
1312,面,罗江区,510604,罗江区,510604,市辖区,德阳市,510600,地级市,四川省,510000,省,罗江县,2017年撤销罗江县，设立罗江区,Luojiang
1313,面,罗平县,530324,罗平县,530324,县,曲靖市,530300,地级市,云南省,530000,省, , ,Luoping
1314,面,罗山县,411521,罗山县,411521,县,信阳市,411500,地级市,河南省,410000,省, , ,Luoshan
1315,面,罗田县,421123,罗田县,421123,县,黄冈市,421100,地级市,湖北省,420000,省, , ,Luotian
1316,面,罗源县,350123,罗源县,350123,县,福州市,350100,地级市,福建省,350000,省, , ,Luoyuan
1317,面,罗庄区,371311,罗庄区,371311,市辖区,临沂市,371300,地级市,山东省,370000,省, , ,Luozhuang
1318,面,洛川县,610629,洛川县,610629,县,延安市,610600,地级市,陕西省,610000,省, , ,Luochuan
1319,面,洛江区,350504,洛江区,350504,市辖区,泉州市,350500,地级市,福建省,350000,省, , ,Luojiang
1320,面,洛龙区,410311,洛龙区,410311,市辖区,洛阳市,410300,地级市,河南省,410000,省,郊区,2000年郊区更名为洛龙区,Luolong
1321,面,洛隆县,540329,洛隆县,540329,县,昌都市,540300,地级市,西藏自治区,540000,自治区, , ,Luolong
1322,面,洛南县,611021,洛南县,611021,县,商洛市,611000,地级市,陕西省,610000,省, , ,Luonan
1323,面,洛宁县,410328,洛宁县,410328,县,洛阳市,410300,地级市,河南省,410000,省, , ,Luoning
1324,面,洛浦县,653224,洛浦县,653224,县,和田地区,653200,地区,新疆维吾尔自治区,650000,自治区, , ,Luopu
1325,面,洛扎县,540527,洛扎县,540527,县,山南市,540500,地级市,西藏自治区,540000,自治区, , ,Luozha
1326,面,旅顺口区,210212,旅顺口区,210212,市辖区,大连市,210200,地级市,辽宁省,210000,省, , ,Lüshunkou
1327,面,绿春县,532531,绿春县,532531,县,红河哈尼族彝族自治州,532500,自治州,云南省,530000,省, , ,Lüchun
1328,面,绿园区,220106,绿园区,220106,市辖区,长春市,220100,地级市,吉林省,220000,省, , ,Lüyuan
1329,面,略阳县,610727,略阳县,610727,县,汉中市,610700,地级市,陕西省,610000,省, , ,Lüeyang
1330,面,麻城市,421181,麻城市,421181,县级市,黄冈市,421100,地级市,湖北省,420000,省, , ,Macheng
1331,面,麻江县,522635,麻江县,522635,县,黔东南苗族侗族自治州,522600,自治州,贵州省,520000,省, , ,Majiang
1332,面,麻栗坡县,532624,麻栗坡县,532624,县,文山壮族苗族自治州,532600,自治州,云南省,530000,省, , ,Malipo
1333,面,麻山区,230307,麻山区,230307,市辖区,鸡西市,230300,地级市,黑龙江省,230000,省, , ,Mashan
1334,面,麻阳苗族自治县,431226,麻阳苗族自治县,431226,自治县,怀化市,431200,地级市,湖南省,430000,省, , ,Mayangmiaozu
1335,面,麻章区,440811,麻章区,440811,市辖区,湛江市,440800,地级市,广东省,440000,省, , ,Mazhang
1336,面,马边彝族自治县,511133,马边彝族自治县,511133,自治县,乐山市,511100,地级市,四川省,510000,省, , ,Mabianyizu
1337,面,马村区,410804,马村区,410804,市辖区,焦作市,410800,地级市,河南省,410000,省, , ,Macun
1338,面,马尔康市,513201,马尔康市,513201,县级市,阿坝藏族羌族自治州,513200,自治州,四川省,510000,省,马尔康县, ,Maerkang
1339,面,马关县,532625,马关县,532625,县,文山壮族苗族自治州,532600,自治州,云南省,530000,省, , ,Maguan
1340,面,马龙区,530304,马龙区,530304,市辖区,曲靖市,530300,地级市,云南省,530000,省,马龙县,2018年撤销马龙县，设立马龙区,Malong
1341,面,马山县,450124,马山县,450124,县,南宁市,450100,地级市,广西壮族自治区,450000,自治区, , ,Mashan
1342,面,马尾区,350105,马尾区,350105,市辖区,福州市,350100,地级市,福建省,350000,省, , ,Mawei
1343,面,玛多县,632626,玛多县,632626,县,果洛藏族自治州,632600,自治州,青海省,630000,省, , ,Maduo
1344,面,玛纳斯县,652324,玛纳斯县,652324,县,昌吉回族自治州,652300,自治州,新疆维吾尔自治区,650000,自治区, , ,Manasi
1345,面,玛沁县,632621,玛沁县,632621,县,果洛藏族自治州,632600,自治州,青海省,630000,省, , ,Maqin
1346,面,玛曲县,623025,玛曲县,623025,县,甘南藏族自治州,623000,自治州,甘肃省,620000,省, , ,Maqu
1347,面,麦盖提县,653127,麦盖提县,653127,县,喀什地区,653100,地区,新疆维吾尔自治区,650000,自治区, , ,Maigaiti
1348,面,麦积区,620503,麦积区,620503,市辖区,天水市,620500,地级市,甘肃省,620000,省,北道区,2004年北道区更名为麦积区,Maiji
1349,面,满城区,130607,满城区,130607,市辖区,保定市,130600,地级市,河北省,130000,省,满城县,2015年撤销满城县，设立满城区,Mancheng
1350,面,满洲里市,150781,满洲里市,150781,县级市,呼伦贝尔市,150700,地级市,内蒙古自治区,150000,自治区, ,2013年满洲里市拆分扎赉诺尔区,Manzhouli
1351,面,芒康县,540328,芒康县,540328,县,昌都市,540300,地级市,西藏自治区,540000,自治区, , ,Mangkang
1352,面,芒市,533103,芒市,533103,县级市,德宏傣族景颇族自治州,533100,自治州,云南省,530000,省,潞西市,2010年潞西市更名为芒市,Mangshi
1353,面,茫崖市,632803,茫崖市,632803,县级市,海西蒙古族藏族自治州,632800,自治州,青海省,630000,省, ,2018年新设县级茫崖市,Mangya
1354,面,茅箭区,420302,茅箭区,420302,市辖区,十堰市,420300,地级市,湖北省,420000,省, , ,Maojian
1355,面,茂南区,440902,茂南区,440902,市辖区,茂名市,440900,地级市,广东省,440000,省, , ,Maonan
1356,面,茂县,513223,茂县,513223,县,阿坝藏族羌族自治州,513200,自治州,四川省,510000,省, , ,Maoxian
1357,面,眉县,610326,眉县,610326,县,宝鸡市,610300,地级市,陕西省,610000,省, , ,Meixian
1358,面,梅河口市,220581,梅河口市,220581,县级市,通化市,220500,地级市,吉林省,220000,省, , ,Meihekou
1359,面,梅江区,441402,梅江区,441402,市辖区,梅州市,441400,地级市,广东省,440000,省, , ,Meijiang
1360,面,梅里斯达斡尔族区,230208,梅里斯达斡尔族区,230208,市辖区,齐齐哈尔市,230200,地级市,黑龙江省,230000,省, , ,Meilisidawoerzu
1361,面,梅县区,441403,梅县区,441403,市辖区,梅州市,441400,地级市,广东省,440000,省,梅县,2013年撤销梅县，设立梅县区,Meixian
1362,面,湄潭县,520328,湄潭县,520328,县,遵义市,520300,地级市,贵州省,520000,省, , ,Meitan
1363,面,美姑县,513436,美姑县,513436,县,凉山彝族自治州,513400,自治州,四川省,510000,省, , ,Meigu
1364,面,美兰区,460108,美兰区,460108,市辖区,海口市,460100,地级市,海南省,460000,省,振东区,2002年撤销振东区，设立美兰区,Meilan
1365,面,门头沟区,110109,门头沟区,110109,市辖区,不统计,0,不统计,北京市,110000,直辖市, , ,Mentougou
1366,面,门源回族自治县,632221,门源回族自治县,632221,自治县,海北藏族自治州,632200,自治州,青海省,630000,省, , ,Menyuanhuizu
1367,面,蒙城县,341622,蒙城县,341622,县,亳州市,341600,地级市,安徽省,340000,省, , ,Mengcheng
1368,面,蒙山县,450423,蒙山县,450423,县,梧州市,450400,地级市,广西壮族自治区,450000,自治区, , ,Mengshan
1369,面,蒙阴县,371328,蒙阴县,371328,县,临沂市,371300,地级市,山东省,370000,省, , ,Mengyin
1370,面,蒙自市,532503,蒙自市,532503,县级市,红河哈尼族彝族自治州,532500,自治州,云南省,530000,省,蒙自县,2010年撤销蒙自县，设立蒙自市,Mengzi
1371,面,勐海县,532822,勐海县,532822,县,西双版纳傣族自治州,532800,自治州,云南省,530000,省, , ,Menghai
1372,面,勐腊县,532823,勐腊县,532823,县,西双版纳傣族自治州,532800,自治州,云南省,530000,省, , ,Mengla
1373,面,孟村回族自治县,130930,孟村回族自治县,130930,自治县,沧州市,130900,地级市,河北省,130000,省, , ,Mengcunhuizu
1374,面,孟津区,410308,孟津区,410308,市辖区,洛阳市,410300,地级市,河南省,410000,省,孟津县,2021年撤销孟津县、吉利区，设立新的孟津区,Mengjin
1375,面,孟连傣族拉祜族佤族自治县,530827,孟连傣族拉祜族佤族自治县,530827,自治县,普洱市,530800,地级市,云南省,530000,省, , ,Mengliandaizuandlahuzuwazu
1376,面,孟州市,410883,孟州市,410883,县级市,焦作市,410800,地级市,河南省,410000,省, , ,Mengzhou
1377,面,弥渡县,532925,弥渡县,532925,县,大理白族自治州,532900,自治州,云南省,530000,省, , ,Midu
1378,面,弥勒市,532504,弥勒市,532504,县级市,红河哈尼族彝族自治州,532500,自治州,云南省,530000,省,弥勒县,2013年撤销弥勒县，设立弥勒市,Mile
1379,面,米东区,650109,米东区,650109,市辖区,乌鲁木齐市,650100,地级市,新疆维吾尔自治区,650000,自治区,米泉市,2007年撤销米泉市，设立乌鲁木齐市米东区,Midong
1380,面,米林市,540422,米林市,540481,县级市,林芝市,540400,地级市,西藏自治区,540000,自治区,米林县,2023年撤销米林县，设立米林市,Milin
1381,面,米易县,510421,米易县,510421,县,攀枝花市,510400,地级市,四川省,510000,省, , ,Miyi
1382,面,米脂县,610827,米脂县,610827,县,榆林市,610800,地级市,陕西省,610000,省, , ,Mizhi
1383,面,汨罗市,430681,汨罗市,430681,县级市,岳阳市,430600,地级市,湖南省,430000,省, , ,Miluo
1384,面,泌阳县,411726,泌阳县,411726,县,驻马店市,411700,地级市,河南省,410000,省, , ,Biyang
1385,面,密山市,230382,密山市,230382,县级市,鸡西市,230300,地级市,黑龙江省,230000,省, , ,Mishan
1386,面,密云区,110118,密云区,110118,市辖区,不统计,0,不统计,北京市,110000,直辖市,密云县,2015年撤销密云县，设立密云区,Miyun
1387,面,绵竹市,510683,绵竹市,510683,县级市,德阳市,510600,地级市,四川省,510000,省, , ,Mianzhu
1388,面,勉县,610725,勉县,610725,县,汉中市,610700,地级市,陕西省,610000,省, , ,Mianxian
1389,面,冕宁县,513433,冕宁县,513433,县,凉山彝族自治州,513400,自治州,四川省,510000,省, , ,Mianning
1390,面,渑池县,411221,渑池县,411221,县,三门峡市,411200,地级市,河南省,410000,省, , ,Mianchi
1391,面,民丰县,653227,民丰县,653227,县,和田地区,653200,地区,新疆维吾尔自治区,650000,自治区, , ,Minfeng
1392,面,民和回族土族自治县,630222,民和回族土族自治县,630222,自治县,海东市,630200,地级市,青海省,630000,省, , ,Minhehuizuandtuzu
1393,面,民乐县,620722,民乐县,620722,县,张掖市,620700,地级市,甘肃省,620000,省, , ,Minyue
1394,面,民勤县,620621,民勤县,620621,县,武威市,620600,地级市,甘肃省,620000,省, , ,Minqin
1395,面,民权县,411421,民权县,411421,县,商丘市,411400,地级市,河南省,410000,省, , ,Minquan
1396,面,岷县,621126,岷县,621126,县,定西市,621100,地级市,甘肃省,620000,省, , ,Minxian
1397,面,闵行区,310112,闵行区,310112,市辖区,不统计,0,不统计,上海市,310000,直辖市, , ,Minhang
1398,面,闽侯县,350121,闽侯县,350121,县,福州市,350100,地级市,福建省,350000,省, , ,Minhou
1399,面,闽清县,350124,闽清县,350124,县,福州市,350100,地级市,福建省,350000,省, , ,Minqing
1400,面,名山区,511803,名山区,511803,市辖区,雅安市,511800,地级市,四川省,510000,省,名山县,2012年撤销名山县，设立名山区,Mingshan
1401,面,明光市,341182,明光市,341182,县级市,滁州市,341100,地级市,安徽省,340000,省, , ,Mingguang
1402,面,明山区,210504,明山区,210504,市辖区,本溪市,210500,地级市,辽宁省,210000,省, , ,Mingshan
1403,面,明水县,231225,明水县,231225,县,绥化市,231200,地级市,黑龙江省,230000,省, , ,Mingshui
1404,面,明溪县,350421,明溪县,350421,县,三明市,350400,地级市,福建省,350000,省, , ,Mingxi
1405,面,莫力达瓦达斡尔族自治旗,150722,莫力达瓦达斡尔族自治旗,150722,自治旗,呼伦贝尔市,150700,地级市,内蒙古自治区,150000,自治区, , ,Molidawadawoerzu
1406,面,漠河市,232701,漠河市,232701,县级市,大兴安岭地区,232700,地区,黑龙江省,230000,省,漠河县,2018年撤销漠河县，设立漠河市,Mohe
1407,面,墨江哈尼族自治县,530822,墨江哈尼族自治县,530822,自治县,普洱市,530800,地级市,云南省,530000,省, , ,Mojianghanizu
1408,面,墨脱县,540423,墨脱县,540423,县,林芝市,540400,地级市,西藏自治区,540000,自治区, , ,Motuo
1409,面,墨玉县,653222,墨玉县,653222,县,和田地区,653200,地区,新疆维吾尔自治区,650000,自治区, , ,Moyu
1410,面,墨竹工卡县,540127,墨竹工卡县,540127,县,拉萨市,540100,地级市,西藏自治区,540000,自治区, , ,Mozhugongka
1411,面,牟定县,532323,牟定县,532323,县,楚雄彝族自治州,532300,自治州,云南省,530000,省, , ,Mouding
1412,面,牟平区,370612,牟平区,370612,市辖区,烟台市,370600,地级市,山东省,370000,省, , ,Muping
1413,面,牡丹区,371702,牡丹区,371702,市辖区,菏泽市,371700,地级市,山东省,370000,省, , ,Mudan
1414,面,木兰县,230127,木兰县,230127,县,哈尔滨市,230100,地级市,黑龙江省,230000,省, , ,Mulan
1415,面,木垒哈萨克自治县,652328,木垒哈萨克自治县,652328,自治县,昌吉回族自治州,652300,自治州,新疆维吾尔自治区,650000,自治区, , ,Muleihasake
1416,面,木里藏族自治县,513422,木里藏族自治县,513422,自治县,凉山彝族自治州,513400,自治州,四川省,510000,省, , ,Mulizangzu
1417,面,沐川县,511129,沐川县,511129,县,乐山市,511100,地级市,四川省,510000,省, , ,Muchuan
1418,面,牧野区,410711,牧野区,410711,市辖区,新乡市,410700,地级市,河南省,410000,省,郊区,2003年郊区更名为牧野区,Muye
1419,面,穆棱市,231085,穆棱市,231085,县级市,牡丹江市,231000,地级市,黑龙江省,230000,省, , ,Muling
1420,面,那坡县,451026,那坡县,451026,县,百色市,451000,地级市,广西壮族自治区,450000,自治区, , ,Napo
1421,面,纳溪区,510503,纳溪区,510503,市辖区,泸州市,510500,地级市,四川省,510000,省, , ,Naxi
1422,面,纳雍县,520525,纳雍县,520525,县,毕节市,520500,地级市,贵州省,520000,省, , ,Nayong
1423,面,乃东区,540502,乃东区,540502,市辖区,山南市,540500,地级市,西藏自治区,540000,自治区,乃东县,2016年撤销乃东县，设立乃东区,Naidong
1424,面,奈曼旗,150525,奈曼旗,150525,旗,通辽市,150500,地级市,内蒙古自治区,150000,自治区, , ,Naiman
1425,面,南安市,350583,南安市,350583,县级市,泉州市,350500,地级市,福建省,350000,省, , ,Nanan
1426,面,南岸区,500108,南岸区,500108,市辖区,不统计,0,不统计,重庆市,500000,直辖市, , ,Nanan
1427,面,南澳县,440523,南澳县,440523,县,汕头市,440500,地级市,广东省,440000,省, , ,Nanao
1428,面,南部县,511321,南部县,511321,县,南充市,511300,地级市,四川省,510000,省, , ,Nanbu
1429,面,南昌县,360121,南昌县,360121,县,南昌市,360100,地级市,江西省,360000,省, , ,Nanchang
1430,面,南城县,361021,南城县,361021,县,抚州市,361000,地级市,江西省,360000,省, , ,Nancheng
1431,面,南川区,500119,南川区,500119,市辖区,不统计,0,不统计,重庆市,500000,直辖市,南川市,2006年撤销南川市，设立南川区,Nanchuan
1432,面,南丹县,451221,南丹县,451221,县,河池市,451200,地级市,广西壮族自治区,450000,自治区, , ,Nandan
1433,面,南芬区,210505,南芬区,210505,市辖区,本溪市,210500,地级市,辽宁省,210000,省, , ,Nanfen
1434,面,南丰县,361023,南丰县,361023,县,抚州市,361000,地级市,江西省,360000,省, , ,Nanfeng
1435,面,南岗区,230103,南岗区,230103,市辖区,哈尔滨市,230100,地级市,黑龙江省,230000,省, , ,Nangang
1436,面,南宫市,130581,南宫市,130581,县级市,邢台市,130500,地级市,河北省,130000,省, , ,Nangong
1437,面,南关区,220102,南关区,220102,市辖区,长春市,220100,地级市,吉林省,220000,省, , ,Nanguan
1438,面,南海区,440605,南海区,440605,市辖区,佛山市,440600,地级市,广东省,440000,省,南海市,2002年撤销南海市，设立南海区,Nanhai
1439,面,南和区,130506,南和区,130506,市辖区,邢台市,130500,地级市,河北省,130000,省,南和县,2020年撤销南和县，设立南和区,Nanhe
1440,面,南湖区,330402,南湖区,330402,市辖区,嘉兴市,330400,地级市,浙江省,330000,省,秀城区,2005年秀城区更名为南湖区,Nanhu
1441,面,南华县,532324,南华县,532324,县,楚雄彝族自治州,532300,自治州,云南省,530000,省, , ,Nanhua
1442,面,南涧彝族自治县,532926,南涧彝族自治县,532926,自治县,大理白族自治州,532900,自治州,云南省,530000,省, , ,Nanjianyizu
1443,面,南江县,511922,南江县,511922,县,巴中市,511900,地级市,四川省,510000,省, , ,Nanjiang
1444,面,南靖县,350627,南靖县,350627,县,漳州市,350600,地级市,福建省,350000,省, , ,Nanjing
1445,面,南开区,120104,南开区,120104,市辖区,不统计,0,不统计,天津市,120000,直辖市, , ,Nankai
1446,面,南康区,360703,南康区,360703,市辖区,赣州市,360700,地级市,江西省,360000,省,南康市,2013年撤销南康市，设立南康区,Nankang
1447,面,南乐县,410923,南乐县,410923,县,濮阳市,410900,地级市,河南省,410000,省, , ,Nanle
1448,面,南陵县,340223,南陵县,340223,县,芜湖市,340200,地级市,安徽省,340000,省, , ,Nanling
1449,面,南明区,520102,南明区,520102,市辖区,贵阳市,520100,地级市,贵州省,520000,省, , ,Nanming
1450,面,南木林县,540221,南木林县,540221,县,日喀则市,540200,地级市,西藏自治区,540000,自治区, , ,Nanmulin
1451,面,南皮县,130927,南皮县,130927,县,沧州市,130900,地级市,河北省,130000,省, , ,Nanpi
1452,面,南票区,211404,南票区,211404,市辖区,葫芦岛市,211400,地级市,辽宁省,210000,省, , ,Nanpiao
1453,面,南谯区,341103,南谯区,341103,市辖区,滁州市,341100,地级市,安徽省,340000,省, , ,Nanqiao
1454,面,南沙区,440115,南沙区,440115,市辖区,广州市,440100,地级市,广东省,440000,省, ,2012年将东涌镇、大岗镇、榄核镇纳入辖区,Nansha
1455,面,南溪区,511503,南溪区,511503,市辖区,宜宾市,511500,地级市,四川省,510000,省, , ,Nanxi
1456,面,南县,430921,南县,430921,县,益阳市,430900,地级市,湖南省,430000,省, , ,Nanxian
1457,面,南雄市,440282,南雄市,440282,县级市,韶关市,440200,地级市,广东省,440000,省, , ,Nanxiong
1458,面,南浔区,330503,南浔区,330503,市辖区,湖州市,330500,地级市,浙江省,330000,省, ,2003年新设立南浔区,Nanxun
1459,面,南岳区,430412,南岳区,430412,市辖区,衡阳市,430400,地级市,湖南省,430000,省, , ,Nanyue
1460,面,南漳县,420624,南漳县,420624,县,襄阳市,420600,地级市,湖北省,420000,省, , ,Nanzhang
1461,面,南召县,411321,南召县,411321,县,南阳市,411300,地级市,河南省,410000,省, , ,Nanzhao
1462,面,南郑区,610703,南郑区,610703,市辖区,汉中市,610700,地级市,陕西省,610000,省,南郑县,2017年撤销南郑县，设立南郑区,Nanzheng
1463,面,囊谦县,632725,囊谦县,632725,县,玉树藏族自治州,632700,自治州,青海省,630000,省, , ,Nangqian
1464,面,讷河市,230281,讷河市,230281,县级市,齐齐哈尔市,230200,地级市,黑龙江省,230000,省, , ,Nehe
1465,面,内黄县,410527,内黄县,410527,县,安阳市,410500,地级市,河南省,410000,省, , ,Neihuang
1466,面,内丘县,130523,内丘县,130523,县,邢台市,130500,地级市,河北省,130000,省, , ,Neiqiu
1467,面,内乡县,411325,内乡县,411325,县,南阳市,411300,地级市,河南省,410000,省, , ,Neixiang
1468,面,嫩江市,231183,嫩江市,231183,县级市,黑河市,231100,地级市,黑龙江省,230000,省,嫩江县,2019年撤销嫩江县，设立嫩江市,Nenjiang
1469,面,尼勒克县,654028,尼勒克县,654028,县,伊犁哈萨克自治州,654000,自治州,新疆维吾尔自治区,650000,自治区, , ,Nileke
1470,面,尼玛县,540629,尼玛县,540629,县,那曲市,540600,地级市,西藏自治区,540000,自治区, ,2012年尼玛县拆出六乡一镇，设立双湖县,Nima
1471,面,尼木县,540123,尼木县,540123,县,拉萨市,540100,地级市,西藏自治区,540000,自治区, , ,Nimu
1472,面,碾子山区,230207,碾子山区,230207,市辖区,齐齐哈尔市,230200,地级市,黑龙江省,230000,省, , ,Nianzishan
1473,面,聂拉木县,540235,聂拉木县,540235,县,日喀则市,540200,地级市,西藏自治区,540000,自治区, , ,Nielamu
1474,面,聂荣县,540623,聂荣县,540623,县,那曲市,540600,地级市,西藏自治区,540000,自治区, , ,Nierong
1475,面,宁安市,231084,宁安市,231084,县级市,牡丹江市,231000,地级市,黑龙江省,230000,省, , ,Ningan
1476,面,宁城县,150429,宁城县,150429,县,赤峰市,150400,地级市,内蒙古自治区,150000,自治区, , ,Ningcheng
1477,面,宁都县,360730,宁都县,360730,县,赣州市,360700,地级市,江西省,360000,省, , ,Ningdu
1478,面,宁洱哈尼族彝族自治县,530821,宁洱哈尼族彝族自治县,530821,自治县,普洱市,530800,地级市,云南省,530000,省, , ,Ningerhanizuandyizu
1479,面,宁国市,341881,宁国市,341881,县级市,宣城市,341800,地级市,安徽省,340000,省, , ,Ningguo
1480,面,宁海县,330226,宁海县,330226,县,宁波市,330200,地级市,浙江省,330000,省, , ,Ninghai
1481,面,宁河区,120117,宁河区,120117,市辖区,不统计,0,不统计,天津市,120000,直辖市,宁河县,2015年撤销宁河县，设立宁河区,Ninghe
1482,面,宁化县,350424,宁化县,350424,县,三明市,350400,地级市,福建省,350000,省, , ,Ninghua
1483,面,宁江区,220702,宁江区,220702,市辖区,松原市,220700,地级市,吉林省,220000,省, , ,Ningjiang
1484,面,宁津县,371422,宁津县,371422,县,德州市,371400,地级市,山东省,370000,省, , ,Ningjin
1485,面,宁晋县,130528,宁晋县,130528,县,邢台市,130500,地级市,河北省,130000,省, , ,Ningjin
1486,面,宁蒗彝族自治县,530724,宁蒗彝族自治县,530724,自治县,丽江市,530700,地级市,云南省,530000,省, , ,Ninglangyizu
1487,面,宁陵县,411423,宁陵县,411423,县,商丘市,411400,地级市,河南省,410000,省, , ,Ningling
1488,面,宁明县,451422,宁明县,451422,县,崇左市,451400,地级市,广西壮族自治区,450000,自治区, , ,Ningming
1489,面,宁南县,513427,宁南县,513427,县,凉山彝族自治州,513400,自治州,四川省,510000,省, , ,Ningnan
1490,面,宁强县,610726,宁强县,610726,县,汉中市,610700,地级市,陕西省,610000,省, , ,Ningqiang
1491,面,宁陕县,610923,宁陕县,610923,县,安康市,610900,地级市,陕西省,610000,省, , ,Ningshan
1492,面,宁武县,140925,宁武县,140925,县,忻州市,140900,地级市,山西省,140000,省, , ,Ningwu
1493,面,宁县,621026,宁县,621026,县,庆阳市,621000,地级市,甘肃省,620000,省, , ,Ningxian
1494,面,宁乡市,430182,宁乡市,430182,县级市,长沙市,430100,地级市,湖南省,430000,省,宁乡县,2017年撤销宁乡县，设立宁乡市,Ningxiang
1495,面,宁阳县,370921,宁阳县,370921,县,泰安市,370900,地级市,山东省,370000,省, , ,Ningyang
1496,面,宁远县,431126,宁远县,431126,县,永州市,431100,地级市,湖南省,430000,省, , ,Ningyuan
1497,面,农安县,220122,农安县,220122,县,长春市,220100,地级市,吉林省,220000,省, , ,Nongan
1498,面,瓯海区,330304,瓯海区,330304,市辖区,温州市,330300,地级市,浙江省,330000,省, ,2001年新设立瓯海区,Ouhai
1499,面,潘集区,340406,潘集区,340406,市辖区,淮南市,340400,地级市,安徽省,340000,省, , ,Panji
1500,面,盘龙区,530103,盘龙区,530103,市辖区,昆明市,530100,地级市,云南省,530000,省, , ,Panlong
1501,面,盘山县,211122,盘山县,211122,县,盘锦市,211100,地级市,辽宁省,210000,省, , ,Panshan
1502,面,盘州市,520281,盘州市,520281,县级市,六盘水市,520200,地级市,贵州省,520000,省,盘县,2017年撤销盘县，设立盘州市,Panzhou
1503,面,磐安县,330727,磐安县,330727,县,金华市,330700,地级市,浙江省,330000,省, , ,Panan
1504,面,磐石市,220284,磐石市,220284,县级市,吉林市,220200,地级市,吉林省,220000,省, , ,Panshi
1505,面,彭山区,511403,彭山区,511403,市辖区,眉山市,511400,地级市,四川省,510000,省,彭山县,2014年撤销彭山县，设立彭山区,Pengshan
1506,面,彭水苗族土家族自治县,500243,彭水苗族土家族自治县,500243,自治县,不统计,0,不统计,重庆市,500000,直辖市, , ,Pengshuimiaozuandtujiazu
1507,面,彭阳县,640425,彭阳县,640425,县,固原市,640400,地级市,宁夏回族自治区,640000,自治区, , ,Pengyang
1508,面,彭泽县,360430,彭泽县,360430,县,九江市,360400,地级市,江西省,360000,省, , ,Pengze
1509,面,彭州市,510182,彭州市,510182,县级市,成都市,510100,地级市,四川省,510000,省, , ,Pengzhou
1510,面,蓬安县,511323,蓬安县,511323,县,南充市,511300,地级市,四川省,510000,省, , ,Pengan
1511,面,蓬江区,440703,蓬江区,440703,市辖区,江门市,440700,地级市,广东省,440000,省, , ,Pengjiang
1512,面,蓬莱区,370614,蓬莱区,370614,市辖区,烟台市,370600,地级市,山东省,370000,省,蓬莱市,2020年撤销蓬莱市、长岛县，设立蓬莱区,Penglai
1513,面,蓬溪县,510921,蓬溪县,510921,县,遂宁市,510900,地级市,四川省,510000,省, , ,Pengxi
1514,面,邳州市,320382,邳州市,320382,县级市,徐州市,320300,地级市,江苏省,320000,省, , ,Pizhou
1515,面,皮山县,653223,皮山县,653223,县,和田地区,653200,地区,新疆维吾尔自治区,650000,自治区, , ,Pishan
1516,面,郫都区,510117,郫都区,510117,市辖区,成都市,510100,地级市,四川省,510000,省,郫县,2016年撤销郫县，设立郫都区,Pidu
1517,面,偏关县,140932,偏关县,140932,县,忻州市,140900,地级市,山西省,140000,省, , ,Pianguan
1518,面,平安区,630203,平安区,630203,市辖区,海东市,630200,地级市,青海省,630000,省,平安县,2015年撤销平安县，设立平安区,Pingan
1519,面,平坝区,520403,平坝区,520403,市辖区,安顺市,520400,地级市,贵州省,520000,省,平坝县,2014年撤销平坝县，设立平坝区,Pingba
1520,面,平昌县,511923,平昌县,511923,县,巴中市,511900,地级市,四川省,510000,省, , ,Pingchang
1521,面,平川区,620403,平川区,620403,市辖区,白银市,620400,地级市,甘肃省,620000,省, , ,Pingchuan
1522,面,平定县,140321,平定县,140321,县,阳泉市,140300,地级市,山西省,140000,省, , ,Pingding
1523,面,平度市,370283,平度市,370283,县级市,青岛市,370200,地级市,山东省,370000,省, , ,Pingdu
1524,面,平房区,230108,平房区,230108,市辖区,哈尔滨市,230100,地级市,黑龙江省,230000,省, , ,Pingfang
1525,面,平谷区,110117,平谷区,110117,市辖区,不统计,0,不统计,北京市,110000,直辖市,平谷县,2001年撤销平谷县，设立平谷区,Pinggu
1526,面,平桂区,451103,平桂区,451103,市辖区,贺州市,451100,地级市,广西壮族自治区,450000,自治区, ,2016年新设平桂区,Pinggui
1527,面,平果市,451082,平果市,451082,县级市,百色市,451000,地级市,广西壮族自治区,450000,自治区,平果县,2019年撤销平果县，设立平果市,Pingguo
1528,面,平和县,350628,平和县,350628,县,漳州市,350600,地级市,福建省,350000,省, , ,Pinghe
1529,面,平湖市,330482,平湖市,330482,县级市,嘉兴市,330400,地级市,浙江省,330000,省, , ,Pinghu
1530,面,平江县,430626,平江县,430626,县,岳阳市,430600,地级市,湖南省,430000,省, , ,Pingjiang
1531,面,平乐县,450330,平乐县,450330,县,桂林市,450300,地级市,广西壮族自治区,450000,自治区, , ,Pingle
1532,面,平利县,610926,平利县,610926,县,安康市,610900,地级市,陕西省,610000,省, , ,Pingli
1533,面,平鲁区,140603,平鲁区,140603,市辖区,朔州市,140600,地级市,山西省,140000,省, , ,Pinglu
1534,面,平陆县,140829,平陆县,140829,县,运城市,140800,地级市,山西省,140000,省, , ,Pinglu
1535,面,平罗县,640221,平罗县,640221,县,石嘴山市,640200,地级市,宁夏回族自治区,640000,自治区, , ,Pingluo
1536,面,平南县,450821,平南县,450821,县,贵港市,450800,地级市,广西壮族自治区,450000,自治区, , ,Pingnan
1537,面,平桥区,411503,平桥区,411503,市辖区,信阳市,411500,地级市,河南省,410000,省, , ,Pingqiao
1538,面,平泉市,130881,平泉市,130881,县级市,承德市,130800,地级市,河北省,130000,省,平泉县,2017年撤销平泉县，设立平泉市,Pingquan
1539,面,平山区,210502,平山区,210502,市辖区,本溪市,210500,地级市,辽宁省,210000,省, , ,Pingshan
1540,面,平山县,130131,平山县,130131,县,石家庄市,130100,地级市,河北省,130000,省, , ,Pingshan
1541,面,平顺县,140425,平顺县,140425,县,长治市,140400,地级市,山西省,140000,省, , ,Pingshun
1542,面,平潭县,350128,平潭县,350128,县,福州市,350100,地级市,福建省,350000,省, , ,Pingtan
1543,面,平塘县,522727,平塘县,522727,县,黔南布依族苗族自治州,522700,自治州,贵州省,520000,省, , ,Pingtang
1544,面,平武县,510727,平武县,510727,县,绵阳市,510700,地级市,四川省,510000,省, , ,Pingwu
1545,面,平乡县,130532,平乡县,130532,县,邢台市,130500,地级市,河北省,130000,省, , ,Pingxiang
1546,面,平阳县,330326,平阳县,330326,县,温州市,330300,地级市,浙江省,330000,省, , ,Pingyang
1547,面,平遥县,140728,平遥县,140728,县,晋中市,140700,地级市,山西省,140000,省, , ,Pingyao
1548,面,平邑县,371326,平邑县,371326,县,临沂市,371300,地级市,山东省,370000,省, , ,Pingyi
1549,面,平阴县,370124,平阴县,370124,县,济南市,370100,地级市,山东省,370000,省, , ,Pingyin
1550,面,平舆县,411723,平舆县,411723,县,驻马店市,411700,地级市,河南省,410000,省, , ,Pingyu
1551,面,平原县,371426,平原县,371426,县,德州市,371400,地级市,山东省,370000,省, , ,Pingyuan
1552,面,平远县,441426,平远县,441426,县,梅州市,441400,地级市,广东省,440000,省, , ,Pingyuan
1553,面,凭祥市,451481,凭祥市,451481,县级市,崇左市,451400,地级市,广西壮族自治区,450000,自治区, , ,Pingxiang
1554,面,屏边苗族自治县,532523,屏边苗族自治县,532523,自治县,红河哈尼族彝族自治州,532500,自治州,云南省,530000,省, , ,Pingbianmiaozu
1555,面,屏南县,350923,屏南县,350923,县,宁德市,350900,地级市,福建省,350000,省, , ,Pingnan
1556,面,屏山县,511529,屏山县,511529,县,宜宾市,511500,地级市,四川省,510000,省, , ,Pingshan
1557,面,坡头区,440804,坡头区,440804,市辖区,湛江市,440800,地级市,广东省,440000,省, , ,Potou
1558,面,泊头市,130981,泊头市,130981,县级市,沧州市,130900,地级市,河北省,130000,省, , ,Botou
1559,面,鄱阳县,361128,鄱阳县,361128,县,上饶市,361100,地级市,江西省,360000,省,波阳县,2003年波阳县更名为鄱阳县,Poyang
1560,面,蒲城县,610526,蒲城县,610526,县,渭南市,610500,地级市,陕西省,610000,省, , ,Pucheng
1561,面,蒲江县,510131,蒲江县,510131,县,成都市,510100,地级市,四川省,510000,省, , ,Pujiang
1562,面,蒲县,141033,蒲县,141033,县,临汾市,141000,地级市,山西省,140000,省, , ,Puxian
1563,面,濮阳县,410928,濮阳县,410928,县,濮阳市,410900,地级市,河南省,410000,省, , ,Puyang
1564,面,浦北县,450722,浦北县,450722,县,钦州市,450700,地级市,广西壮族自治区,450000,自治区, , ,Pubei
1565,面,浦城县,350722,浦城县,350722,县,南平市,350700,地级市,福建省,350000,省, , ,Pucheng
1566,面,浦东新区,310115,浦东新区,310115,市辖区,不统计,0,不统计,上海市,310000,直辖市,南汇区(浦东新区),2009年南汇区并入浦东新区,Pudongxin
1567,面,浦江县,330726,浦江县,330726,县,金华市,330700,地级市,浙江省,330000,省, , ,Pujiang
1568,面,浦口区,320111,浦口区,320111,市辖区,南京市,320100,地级市,江苏省,320000,省,浦口区和江浦县,2002年撤销浦口区和江浦县，设立浦口区,Pukou
1569,面,普安县,522323,普安县,522323,县,黔西南布依族苗族自治州,522300,自治州,贵州省,520000,省, , ,Puan
1570,面,普定县,520422,普定县,520422,县,安顺市,520400,地级市,贵州省,520000,省, , ,Puding
1571,面,普格县,513428,普格县,513428,县,凉山彝族自治州,513400,自治州,四川省,510000,省, , ,Puge
1572,面,普兰店区,210214,普兰店区,210214,市辖区,大连市,210200,地级市,辽宁省,210000,省,普兰店市,2015年撤销普兰店市，设立普兰店区,Pulandian
1573,面,普兰县,542521,普兰县,542521,县,阿里地区,542500,地区,西藏自治区,540000,自治区, , ,Pulan
1574,面,普宁市,445281,普宁市,445281,县级市,揭阳市,445200,地级市,广东省,440000,省, , ,Puning
1575,面,七里河区,620103,七里河区,620103,市辖区,兰州市,620100,地级市,甘肃省,620000,省, , ,Qilihe
1576,面,七星关区,520502,七星关区,520502,市辖区,毕节市,520500,地级市,贵州省,520000,省,七星关区,2011年撤销毕节市，设立七星关区,Qixingguan
1577,面,七星区,450305,七星区,450305,市辖区,桂林市,450300,地级市,广西壮族自治区,450000,自治区, , ,Qixing
1578,面,栖霞区,320113,栖霞区,320113,市辖区,南京市,320100,地级市,江苏省,320000,省, , ,Qixia
1579,面,栖霞市,370686,栖霞市,370686,县级市,烟台市,370600,地级市,山东省,370000,省, , ,Qixia
1580,面,齐河县,371425,齐河县,371425,县,德州市,371400,地级市,山东省,370000,省, , ,Qihe
1581,面,祁东县,430426,祁东县,430426,县,衡阳市,430400,地级市,湖南省,430000,省, , ,Qidong
1582,面,祁连县,632222,祁连县,632222,县,海北藏族自治州,632200,自治州,青海省,630000,省, , ,Qilian
1583,面,祁门县,341024,祁门县,341024,县,黄山市,341000,地级市,安徽省,340000,省, , ,Qimen
1584,面,祁县,140727,祁县,140727,县,晋中市,140700,地级市,山西省,140000,省, , ,Qixian
1585,面,祁阳市,431181,祁阳市,431181,县级市,永州市,431100,地级市,湖南省,430000,省,祁阳县,2021年撤销祁阳县，设立祁阳市,Qiyang
1586,面,岐山县,610323,岐山县,610323,县,宝鸡市,610300,地级市,陕西省,610000,省, , ,Qishan
1587,面,奇台县,652325,奇台县,652325,县,昌吉回族自治州,652300,自治州,新疆维吾尔自治区,650000,自治区, , ,Qitai
1588,面,淇滨区,410611,淇滨区,410611,市辖区,鹤壁市,410600,地级市,河南省,410000,省,郊区,2001年郊区更名为淇滨区,Qibin
1589,面,淇县,410622,淇县,410622,县,鹤壁市,410600,地级市,河南省,410000,省, , ,Qixian
1590,面,綦江区,500110,綦江区,500110,市辖区,不统计,0,不统计,重庆市,500000,直辖市,万盛区(綦江县),2011年撤销綦江县、万盛区，设立綦江区,Qijiang
1591,面,蕲春县,421126,蕲春县,421126,县,黄冈市,421100,地级市,湖北省,420000,省, , ,Qichun
1592,面,麒麟区,530302,麒麟区,530302,市辖区,曲靖市,530300,地级市,云南省,530000,省, , ,Qilin
1593,面,杞县,410221,杞县,410221,县,开封市,410200,地级市,河南省,410000,省, , ,Qixian
1594,面,启东市,320681,启东市,320681,县级市,南通市,320600,地级市,江苏省,320000,省, , ,Qidong
1595,面,千山区,210311,千山区,210311,市辖区,鞍山市,210300,地级市,辽宁省,210000,省, , ,Qianshan
1596,面,千阳县,610328,千阳县,610328,县,宝鸡市,610300,地级市,陕西省,610000,省, , ,Qianyang
1597,面,迁安市,130283,迁安市,130283,县级市,唐山市,130200,地级市,河北省,130000,省, , ,Qianan
1598,面,迁西县,130227,迁西县,130227,县,唐山市,130200,地级市,河北省,130000,省, , ,Qianxi
1599,面,铅山县,361124,铅山县,361124,县,上饶市,361100,地级市,江西省,360000,省, , ,Yanshan
1600,面,前锋区,511603,前锋区,511603,市辖区,广安市,511600,地级市,四川省,510000,省, , ,Qianfeng
1601,面,前郭尔罗斯蒙古族自治县,220721,前郭尔罗斯蒙古族自治县,220721,自治县,松原市,220700,地级市,吉林省,220000,省, , ,Qianguoerluosimengguzu
1602,面,前进区,230804,前进区,230804,市辖区,佳木斯市,230800,地级市,黑龙江省,230000,省, , ,Qianjin
1603,面,乾安县,220723,乾安县,220723,县,松原市,220700,地级市,吉林省,220000,省, , ,Qianan
1604,面,乾县,610424,乾县,610424,县,咸阳市,610400,地级市,陕西省,610000,省, , ,Qianxian
1605,面,潜江市,429005,潜江市,429005,县级市,不统计,0,不统计,湖北省,420000,省, ,"省直辖市,省直管,是县级单位",Qianjiang
1606,面,潜山市,340882,潜山市,340882,县级市,安庆市,340800,地级市,安徽省,340000,省,潜山县,2018年撤销潜山县，设立潜山市,Qianshan
1607,面,黔江区,500114,黔江区,500114,市辖区,不统计,0,不统计,重庆市,500000,直辖市,黔江区,2000年黔江土家族苗族自治县更名为黔江区,Qianjiang
1608,面,黔西市,520581,黔西市,520581,县级市,毕节市,520500,地级市,贵州省,520000,省,黔西县,2021年撤销黔西县，设立黔西市,Qianxi
1609,面,硚口区,420104,硚口区,420104,市辖区,武汉市,420100,地级市,湖北省,420000,省, , ,Qiaokou
1610,面,谯城区,341602,谯城区,341602,市辖区,亳州市,341600,地级市,安徽省,340000,省,亳州市,2000年撤销亳州市，设立谯城区,Qiaocheng
1611,面,巧家县,530622,巧家县,530622,县,昭通市,530600,地级市,云南省,530000,省, , ,Qiaojia
1612,面,茄子河区,230904,茄子河区,230904,市辖区,七台河市,230900,地级市,黑龙江省,230000,省, , ,Qiezihe
1613,面,且末县,652825,且末县,652825,县,巴音郭楞蒙古自治州,652800,自治州,新疆维吾尔自治区,650000,自治区, , ,Qiemo
1614,面,钦北区,450703,钦北区,450703,市辖区,钦州市,450700,地级市,广西壮族自治区,450000,自治区, , ,Qinbei
1615,面,钦南区,450702,钦南区,450702,市辖区,钦州市,450700,地级市,广西壮族自治区,450000,自治区, , ,Qinnan
1616,面,秦安县,620522,秦安县,620522,县,天水市,620500,地级市,甘肃省,620000,省, , ,Qinan
1617,面,秦都区,610402,秦都区,610402,市辖区,咸阳市,610400,地级市,陕西省,610000,省, , ,Qindu
1618,面,秦淮区,320104,秦淮区,320104,市辖区,南京市,320100,地级市,江苏省,320000,省,白下区(秦淮区),2013年撤销白下区，和秦淮区设立新的秦淮区,Qinhuai
1619,面,秦州区,620502,秦州区,620502,市辖区,天水市,620500,地级市,甘肃省,620000,省,秦城区,2004年秦城区更名为秦州区,Qinzhou
1620,面,沁水县,140521,沁水县,140521,县,晋城市,140500,地级市,山西省,140000,省, , ,Qinshui
1621,面,沁县,140430,沁县,140430,县,长治市,140400,地级市,山西省,140000,省, , ,Qinxian
1622,面,沁阳市,410882,沁阳市,410882,县级市,焦作市,410800,地级市,河南省,410000,省, , ,Qinyang
1623,面,沁源县,140431,沁源县,140431,县,长治市,140400,地级市,山西省,140000,省, , ,Qinyuan
1624,面,青白江区,510113,青白江区,510113,市辖区,成都市,510100,地级市,四川省,510000,省, , ,Qingbaijiang
1625,面,青川县,510822,青川县,510822,县,广元市,510800,地级市,四川省,510000,省, , ,Qingchuan
1626,面,青冈县,231223,青冈县,231223,县,绥化市,231200,地级市,黑龙江省,230000,省, , ,Qinggang
1627,面,青河县,654325,青河县,654325,县,阿勒泰地区,654300,地区,新疆维吾尔自治区,650000,自治区, , ,Qinghe
1628,面,青龙满族自治县,130321,青龙满族自治县,130321,自治县,秦皇岛市,130300,地级市,河北省,130000,省, , ,Qinglongmanzu
1629,面,青浦区,310118,青浦区,310118,市辖区,不统计,0,不统计,上海市,310000,直辖市, , ,Qingpu
1630,面,青山湖区,360111,青山湖区,360111,市辖区,南昌市,360100,地级市,江西省,360000,省,郊区,2002年郊区更名为青山湖区,Qingshanhu
1631,面,青神县,511425,青神县,511425,县,眉山市,511400,地级市,四川省,510000,省, , ,Qingshen
1632,面,青田县,331121,青田县,331121,县,丽水市,331100,地级市,浙江省,330000,省, , ,Qingtian
1633,面,青铜峡市,640381,青铜峡市,640381,县级市,吴忠市,640300,地级市,宁夏回族自治区,640000,自治区, , ,Qingtongxia
1634,面,青县,130922,青县,130922,县,沧州市,130900,地级市,河北省,130000,省, , ,Qingxian
1635,面,青秀区,450103,青秀区,450103,市辖区,南宁市,450100,地级市,广西壮族自治区,450000,自治区, , ,Qingxiu
1636,面,青羊区,510105,青羊区,510105,市辖区,成都市,510100,地级市,四川省,510000,省, , ,Qingyang
1637,面,青阳县,341723,青阳县,341723,县,池州市,341700,地级市,安徽省,340000,省, , ,Qingyang
1638,面,青原区,360803,青原区,360803,市辖区,吉安市,360800,地级市,江西省,360000,省, , ,Qingyuan
1639,面,青云谱区,360104,青云谱区,360104,市辖区,南昌市,360100,地级市,江西省,360000,省, ,2003年新设立青云谱区,Qingyunpu
1640,面,青州市,370781,青州市,370781,县级市,潍坊市,370700,地级市,山东省,370000,省, , ,Qingzhou
1641,面,清城区,441802,清城区,441802,市辖区,清远市,441800,地级市,广东省,440000,省, , ,Qingcheng
1642,面,清丰县,410922,清丰县,410922,县,濮阳市,410900,地级市,河南省,410000,省, , ,Qingfeng
1643,面,清河门区,210905,清河门区,210905,市辖区,阜新市,210900,地级市,辽宁省,210000,省, , ,Qinghemen
1644,面,清河区,211204,清河区,211204,市辖区,铁岭市,211200,地级市,辽宁省,210000,省, , ,Qinghe
1645,面,清河县,130534,清河县,130534,县,邢台市,130500,地级市,河北省,130000,省, , ,Qinghe
1646,面,清涧县,610830,清涧县,610830,县,榆林市,610800,地级市,陕西省,610000,省, , ,Qingjian
1647,面,清江浦区,320812,清江浦区,320812,市辖区,淮安市,320800,地级市,江苏省,320000,省, ,2016年撤销清河区、清浦区，设立清江浦区,Qingjiangpu
1648,面,清流县,350423,清流县,350423,县,三明市,350400,地级市,福建省,350000,省, , ,Qingliu
1649,面,清水河县,150124,清水河县,150124,县,呼和浩特市,150100,地级市,内蒙古自治区,150000,自治区, , ,Qingshuihe
1650,面,清水县,620521,清水县,620521,县,天水市,620500,地级市,甘肃省,620000,省, , ,Qingshui
1651,面,清新区,441803,清新区,441803,市辖区,清远市,441800,地级市,广东省,440000,省,清新县,2012年撤销清新县，设立清新区,Qingxin
1652,面,清徐县,140121,清徐县,140121,县,太原市,140100,地级市,山西省,140000,省, , ,Qingxu
1653,面,清原满族自治县,210423,清原满族自治县,210423,自治县,抚顺市,210400,地级市,辽宁省,210000,省, , ,Qingyuanmanzu
1654,面,清苑区,130608,清苑区,130608,市辖区,保定市,130600,地级市,河北省,130000,省,清苑县,2015年撤销清苑县，设立清苑区,Qingyuan
1655,面,清镇市,520181,清镇市,520181,县级市,贵阳市,520100,地级市,贵州省,520000,省, , ,Qingzhen
1656,面,晴隆县,522324,晴隆县,522324,县,黔西南布依族苗族自治州,522300,自治州,贵州省,520000,省, , ,Qinglong
1657,面,庆安县,231224,庆安县,231224,县,绥化市,231200,地级市,黑龙江省,230000,省, , ,Qingan
1658,面,庆城县,621021,庆城县,621021,县,庆阳市,621000,地级市,甘肃省,620000,省, , ,Qingcheng
1659,面,庆元县,331126,庆元县,331126,县,丽水市,331100,地级市,浙江省,330000,省, , ,Qingyuan
1660,面,庆云县,371423,庆云县,371423,县,德州市,371400,地级市,山东省,370000,省, , ,Qingyun
1661,面,邛崃市,510183,邛崃市,510183,县级市,成都市,510100,地级市,四川省,510000,省, , ,Qionglai
1662,面,琼海市,469002,琼海市,469002,县级市,不统计,0,不统计,海南省,460000,省, ,"省直辖市,省直管,是县级单位",Qionghai
1663,面,琼结县,540524,琼结县,540524,县,山南市,540500,地级市,西藏自治区,540000,自治区, , ,Qiongjie
1664,面,琼山区,460107,琼山区,460107,市辖区,海口市,460100,地级市,海南省,460000,省,琼山市,2002年撤销琼山市，设立琼山区,Qiongshan
1665,面,琼中黎族苗族自治县,469030,琼中黎族苗族自治县,469030,自治县,不统计,0,不统计,海南省,460000,省, ,"省直辖县,省直管,是县级单位",Qiongzhonglizuandmiaozu
1666,面,丘北县,532626,丘北县,532626,县,文山壮族苗族自治州,532600,自治州,云南省,530000,省, , ,Qiubei
1667,面,邱县,130430,邱县,130430,县,邯郸市,130400,地级市,河北省,130000,省, , ,Qiuxian
1668,面,曲阜市,370881,曲阜市,370881,县级市,济宁市,370800,地级市,山东省,370000,省, , ,Qufu
1669,面,曲江区,440205,曲江区,440205,市辖区,韶关市,440200,地级市,广东省,440000,省, , ,Qujiang
1670,面,曲麻莱县,632726,曲麻莱县,632726,县,玉树藏族自治州,632700,自治州,青海省,630000,省, , ,Qumalai
1671,面,曲水县,540124,曲水县,540124,县,拉萨市,540100,地级市,西藏自治区,540000,自治区, , ,Qushui
1672,面,曲松县,540525,曲松县,540525,县,山南市,540500,地级市,西藏自治区,540000,自治区, , ,Qusong
1673,面,曲沃县,141021,曲沃县,141021,县,临汾市,141000,地级市,山西省,140000,省, , ,Quwo
1674,面,曲阳县,130634,曲阳县,130634,县,保定市,130600,地级市,河北省,130000,省, , ,Quyang
1675,面,曲周县,130435,曲周县,130435,县,邯郸市,130400,地级市,河北省,130000,省, , ,Quzhou
1676,面,渠县,511725,渠县,511725,县,达州市,511700,地级市,四川省,510000,省, , ,Quxian
1677,面,衢江区,330803,衢江区,330803,市辖区,衢州市,330800,地级市,浙江省,330000,省,衢县,2001年撤销衢县，设立衢江区,Qujiang
1678,面,全椒县,341124,全椒县,341124,县,滁州市,341100,地级市,安徽省,340000,省, , ,Quanjiao
1679,面,全南县,360729,全南县,360729,县,赣州市,360700,地级市,江西省,360000,省, , ,Quannan
1680,面,全州县,450324,全州县,450324,县,桂林市,450300,地级市,广西壮族自治区,450000,自治区, , ,Quanzhou
1681,面,泉港区,350505,泉港区,350505,市辖区,泉州市,350500,地级市,福建省,350000,省,泉港区,2000年新设立泉港区,Quangang
1682,面,泉山区,320311,泉山区,320311,市辖区,徐州市,320300,地级市,江苏省,320000,省, , ,Quanshan
1683,面,确山县,411725,确山县,411725,县,驻马店市,411700,地级市,河南省,410000,省, , ,Queshan
1684,面,让胡路区,230604,让胡路区,230604,市辖区,大庆市,230600,地级市,黑龙江省,230000,省, , ,Ranghulu
1685,面,饶平县,445122,饶平县,445122,县,潮州市,445100,地级市,广东省,440000,省, , ,Raoping
1686,面,饶阳县,131124,饶阳县,131124,县,衡水市,131100,地级市,河北省,130000,省, , ,Raoyang
1687,面,仁布县,540229,仁布县,540229,县,日喀则市,540200,地级市,西藏自治区,540000,自治区, , ,Renbu
1688,面,仁和区,510411,仁和区,510411,市辖区,攀枝花市,510400,地级市,四川省,510000,省, , ,Renhe
1689,面,仁化县,440224,仁化县,440224,县,韶关市,440200,地级市,广东省,440000,省, , ,Renhua
1690,面,仁怀市,520382,仁怀市,520382,县级市,遵义市,520300,地级市,贵州省,520000,省, , ,Renhuai
1691,面,仁寿县,511421,仁寿县,511421,县,眉山市,511400,地级市,四川省,510000,省, , ,Renshou
1692,面,任城区,370811,任城区,370811,市辖区,济宁市,370800,地级市,山东省,370000,省,市中区,2013年撤销市中区，和任城区设立新的任城区,Rencheng
1693,面,任丘市,130982,任丘市,130982,县级市,沧州市,130900,地级市,河北省,130000,省, , ,Renqiu
1694,面,任泽区,130505,任泽区,130505,市辖区,邢台市,130500,地级市,河北省,130000,省,任县,2020年撤销任县，设立任泽区,Renze
1695,面,日土县,542524,日土县,542524,县,阿里地区,542500,地区,西藏自治区,540000,自治区, , ,Ritu
1696,面,荣昌区,500153,荣昌区,500153,市辖区,不统计,0,不统计,重庆市,500000,直辖市,荣昌县,2015年撤销荣昌县，设立荣昌区,Rongchang
1697,面,荣成市,371082,荣成市,371082,县级市,威海市,371000,地级市,山东省,370000,省, , ,Rongcheng
1698,面,荣县,510321,荣县,510321,县,自贡市,510300,地级市,四川省,510000,省, , ,Rongxian
1699,面,容城县,130629,容城县,130629,县,保定市,130600,地级市,河北省,130000,省, , ,Rongcheng
1700,面,容县,450921,容县,450921,县,玉林市,450900,地级市,广西壮族自治区,450000,自治区, , ,Rongxian
1701,面,榕城区,445202,榕城区,445202,市辖区,揭阳市,445200,地级市,广东省,440000,省, , ,Rongcheng
1702,面,榕江县,522632,榕江县,522632,县,黔东南苗族侗族自治州,522600,自治州,贵州省,520000,省, , ,Rongjiang
1703,面,融安县,450224,融安县,450224,县,柳州市,450200,地级市,广西壮族自治区,450000,自治区, , ,Rongan
1704,面,融水苗族自治县,450225,融水苗族自治县,450225,自治县,柳州市,450200,地级市,广西壮族自治区,450000,自治区, , ,Rongshuimiaozu
1705,面,如东县,320623,如东县,320623,县,南通市,320600,地级市,江苏省,320000,省, , ,Rudong
1706,面,如皋市,320682,如皋市,320682,县级市,南通市,320600,地级市,江苏省,320000,省, , ,Rugao
1707,面,汝城县,431026,汝城县,431026,县,郴州市,431000,地级市,湖南省,430000,省, , ,Rucheng
1708,面,汝南县,411727,汝南县,411727,县,驻马店市,411700,地级市,河南省,410000,省, , ,Runan
1709,面,汝阳县,410326,汝阳县,410326,县,洛阳市,410300,地级市,河南省,410000,省, , ,Ruyang
1710,面,汝州市,410482,汝州市,410482,县级市,平顶山市,410400,地级市,河南省,410000,省, , ,Ruzhou
1711,面,乳山市,371083,乳山市,371083,县级市,威海市,371000,地级市,山东省,370000,省, , ,Rushan
1712,面,乳源瑶族自治县,440232,乳源瑶族自治县,440232,自治县,韶关市,440200,地级市,广东省,440000,省, , ,Ruyuanyaozu
1713,面,芮城县,140830,芮城县,140830,县,运城市,140800,地级市,山西省,140000,省, , ,Ruicheng
1714,面,瑞安市,330381,瑞安市,330381,县级市,温州市,330300,地级市,浙江省,330000,省, , ,Ruian
1715,面,瑞昌市,360481,瑞昌市,360481,县级市,九江市,360400,地级市,江西省,360000,省, , ,Ruichang
1716,面,瑞金市,360781,瑞金市,360781,县级市,赣州市,360700,地级市,江西省,360000,省, , ,Ruijin
1717,面,瑞丽市,533102,瑞丽市,533102,县级市,德宏傣族景颇族自治州,533100,自治州,云南省,530000,省, , ,Ruili
1718,面,润州区,321111,润州区,321111,市辖区,镇江市,321100,地级市,江苏省,320000,省, , ,Runzhou
1719,面,若尔盖县,513232,若尔盖县,513232,县,阿坝藏族羌族自治州,513200,自治州,四川省,510000,省, , ,Ruoergai
1720,面,若羌县,652824,若羌县,652824,县,巴音郭楞蒙古自治州,652800,自治州,新疆维吾尔自治区,650000,自治区, , ,Ruoqiang
1721,面,萨尔图区,230602,萨尔图区,230602,市辖区,大庆市,230600,地级市,黑龙江省,230000,省, , ,Saertu
1722,面,萨嘎县,540236,萨嘎县,540236,县,日喀则市,540200,地级市,西藏自治区,540000,自治区, , ,Saga
1723,面,萨迦县,540224,萨迦县,540224,县,日喀则市,540200,地级市,西藏自治区,540000,自治区, , ,Sajia
1724,面,赛罕区,150105,赛罕区,150105,市辖区,呼和浩特市,150100,地级市,内蒙古自治区,150000,自治区,郊区,2000年郊区更名和调整为赛罕区,Saihan
1725,面,三都水族自治县,522732,三都水族自治县,522732,自治县,黔南布依族苗族自治州,522700,自治州,贵州省,520000,省, , ,Sandushuizu
1726,面,三河市,131082,三河市,131082,县级市,廊坊市,131000,地级市,河北省,130000,省, , ,Sanhe
1727,面,三江侗族自治县,450226,三江侗族自治县,450226,自治县,柳州市,450200,地级市,广西壮族自治区,450000,自治区, , ,Sanjiangdongzu
1728,面,三门县,331022,三门县,331022,县,台州市,331000,地级市,浙江省,330000,省, , ,Sanmen
1729,面,三水区,440607,三水区,440607,市辖区,佛山市,440600,地级市,广东省,440000,省,三水市,2002年撤销三水市，设立三水区,Sanshui
1730,面,三穗县,522624,三穗县,522624,县,黔东南苗族侗族自治州,522600,自治州,贵州省,520000,省, , ,Sansui
1731,面,三台县,510722,三台县,510722,县,绵阳市,510700,地级市,四川省,510000,省, , ,Santai
1732,面,三元区,350404,三元区,350404,市辖区,三明市,350400,地级市,福建省,350000,省, ,2021年撤销梅列区、三元区，设立新的三元区,Sanyuan
1733,面,三原县,610422,三原县,610422,县,咸阳市,610400,地级市,陕西省,610000,省, , ,Sanyuan
1734,面,桑日县,540523,桑日县,540523,县,山南市,540500,地级市,西藏自治区,540000,自治区, , ,Sangri
1735,面,桑植县,430822,桑植县,430822,县,张家界市,430800,地级市,湖南省,430000,省, , ,Sangzhi
1736,面,桑珠孜区,540202,桑珠孜区,540202,市辖区,日喀则市,540200,地级市,西藏自治区,540000,自治区,日喀则市,2014年撤销日喀则市，设立桑珠孜区,Sangzhuzi
1737,面,色达县,513333,色达县,513333,县,甘孜藏族自治州,513300,自治州,四川省,510000,省, , ,Seda
1738,面,色尼区,540602,色尼区,540602,市辖区,那曲市,540600,地级市,西藏自治区,540000,自治区,那曲县,2017年撤销那曲县，设立色尼区,Seni
1739,面,沙河口区,210204,沙河口区,210204,市辖区,大连市,210200,地级市,辽宁省,210000,省, , ,Shahekou
1740,面,沙河市,130582,沙河市,130582,县级市,邢台市,130500,地级市,河北省,130000,省, , ,Shahe
1741,面,沙坪坝区,500106,沙坪坝区,500106,市辖区,不统计,0,不统计,重庆市,500000,直辖市, , ,Shapingba
1742,面,沙坡头区,640502,沙坡头区,640502,市辖区,中卫市,640500,地级市,宁夏回族自治区,640000,自治区, , ,Shapotou
1743,面,沙市区,421002,沙市区,421002,市辖区,荆州市,421000,地级市,湖北省,420000,省, , ,Shashi
1744,面,沙湾区,511111,沙湾区,511111,市辖区,乐山市,511100,地级市,四川省,510000,省, , ,Shawan
1745,面,沙湾市,654203,沙湾市,654203,县级市,塔城地区,654200,地区,新疆维吾尔自治区,650000,自治区,沙湾县,2021年撤销沙湾县，设立沙湾市,Shawan
1746,面,沙县区,350405,沙县区,350405,市辖区,三明市,350400,地级市,福建省,350000,省,沙县,2021年撤销沙县，设立沙县区,Shaxian
1747,面,沙雅县,652924,沙雅县,652924,县,阿克苏地区,652900,地区,新疆维吾尔自治区,650000,自治区, , ,Shaya
1748,面,沙洋县,420822,沙洋县,420822,县,荆门市,420800,地级市,湖北省,420000,省, , ,Shayang
1749,面,沙依巴克区,650103,沙依巴克区,650103,市辖区,乌鲁木齐市,650100,地级市,新疆维吾尔自治区,650000,自治区, ,2001年新设立沙依巴克区,Shayibake
1750,面,莎车县,653125,莎车县,653125,县,喀什地区,653100,地区,新疆维吾尔自治区,650000,自治区, , ,Shache
1751,面,山城区,410603,山城区,410603,市辖区,鹤壁市,410600,地级市,河南省,410000,省, , ,Shancheng
1752,面,山丹县,620725,山丹县,620725,县,张掖市,620700,地级市,甘肃省,620000,省, , ,Shandan
1753,面,山海关区,130303,山海关区,130303,市辖区,秦皇岛市,130300,地级市,河北省,130000,省, , ,Shanhaiguan
1754,面,山亭区,370406,山亭区,370406,市辖区,枣庄市,370400,地级市,山东省,370000,省, , ,Shanting
1755,面,山阳区,410811,山阳区,410811,市辖区,焦作市,410800,地级市,河南省,410000,省, , ,Shanyang
1756,面,山阳县,611024,山阳县,611024,县,商洛市,611000,地级市,陕西省,610000,省, , ,Shanyang
1757,面,山阴县,140621,山阴县,140621,县,朔州市,140600,地级市,山西省,140000,省, , ,Shanyin
1758,面,陕州区,411203,陕州区,411203,市辖区,三门峡市,411200,地级市,河南省,410000,省,陕县,2015年撤销陕县，设立陕州区,Shanzhou
1759,面,鄯善县,650421,鄯善县,650421,县,吐鲁番市,650400,地级市,新疆维吾尔自治区,650000,自治区, , ,Shanshan
1760,面,商城县,411524,商城县,411524,县,信阳市,411500,地级市,河南省,410000,省, , ,Shangcheng
1761,面,商都县,150923,商都县,150923,县,乌兰察布市,150900,地级市,内蒙古自治区,150000,自治区, , ,Shangdu
1762,面,商河县,370126,商河县,370126,县,济南市,370100,地级市,山东省,370000,省, , ,Shanghe
1763,面,商南县,611023,商南县,611023,县,商洛市,611000,地级市,陕西省,610000,省, , ,Shangnan
1764,面,商水县,411623,商水县,411623,县,周口市,411600,地级市,河南省,410000,省, , ,Shangshui
1765,面,商州区,611002,商州区,611002,市辖区,商洛市,611000,地级市,陕西省,610000,省, , ,Shangzhou
1766,面,上蔡县,411722,上蔡县,411722,县,驻马店市,411700,地级市,河南省,410000,省, , ,Shangcai
1767,面,上城区,330102,上城区,330102,市辖区,杭州市,330100,地级市,浙江省,330000,省, ,2021年撤销上城区、江干区，设立新的上城区,Shangcheng
1768,面,上党区,140404,上党区,140404,市辖区,长治市,140400,地级市,山西省,140000,省,长治县,2018年撤销长治县，设立上党区,Shangdang
1769,面,上高县,360923,上高县,360923,县,宜春市,360900,地级市,江西省,360000,省, , ,Shanggao
1770,面,上杭县,350823,上杭县,350823,县,龙岩市,350800,地级市,福建省,350000,省, , ,Shanghang
1771,面,上街区,410106,上街区,410106,市辖区,郑州市,410100,地级市,河南省,410000,省, , ,Shangjie
1772,面,上栗县,360322,上栗县,360322,县,萍乡市,360300,地级市,江西省,360000,省, , ,Shangli
1773,面,上林县,450125,上林县,450125,县,南宁市,450100,地级市,广西壮族自治区,450000,自治区, , ,Shanglin
1774,面,广信区,361104,广信区,361104,市辖区,上饶市,361100,地级市,江西省,360000,省,上饶县,2019年撤销上饶县，设立广信区,Guangxin
1775,面,上思县,450621,上思县,450621,县,防城港市,450600,地级市,广西壮族自治区,450000,自治区, , ,Shangsi
1776,面,上犹县,360724,上犹县,360724,县,赣州市,360700,地级市,江西省,360000,省, , ,Shangyou
1777,面,上虞区,330604,上虞区,330604,市辖区,绍兴市,330600,地级市,浙江省,330000,省,上虞区,2013年撤销上虞市，设立上虞区,Shangyu
1778,面,尚义县,130725,尚义县,130725,县,张家口市,130700,地级市,河北省,130000,省, , ,Shangyi
1779,面,尚志市,230183,尚志市,230183,县级市,哈尔滨市,230100,地级市,黑龙江省,230000,省, , ,Shangzhi
1780,面,韶山市,430382,韶山市,430382,县级市,湘潭市,430300,地级市,湖南省,430000,省, , ,Shaoshan
1781,面,邵东市,430582,邵东市,430582,县级市,邵阳市,430500,地级市,湖南省,430000,省,邵东县,2019年撤销邵东县，设立邵东市,Shaodong
1782,面,邵武市,350781,邵武市,350781,县级市,南平市,350700,地级市,福建省,350000,省, , ,Shaowu
1783,面,邵阳县,430523,邵阳县,430523,县,邵阳市,430500,地级市,湖南省,430000,省, , ,Shaoyang
1784,面,社旗县,411327,社旗县,411327,县,南阳市,411300,地级市,河南省,410000,省, , ,Sheqi
1785,面,射洪市,510981,射洪市,510981,县级市,遂宁市,510900,地级市,四川省,510000,省,射洪县,2019年撤销射洪县，设立射洪市,Shehong
1786,面,射阳县,320924,射阳县,320924,县,盐城市,320900,地级市,江苏省,320000,省, , ,Sheyang
1787,面,涉县,130426,涉县,130426,县,邯郸市,130400,地级市,河北省,130000,省, , ,Shexian
1788,面,歙县,341021,歙县,341021,县,黄山市,341000,地级市,安徽省,340000,省, , ,Shexian
1789,面,申扎县,540625,申扎县,540625,县,那曲市,540600,地级市,西藏自治区,540000,自治区, , ,Shenzha
1790,面,莘县,371522,莘县,371522,县,聊城市,371500,地级市,山东省,370000,省, , ,Shenxian
1791,面,深泽县,130128,深泽县,130128,县,石家庄市,130100,地级市,河北省,130000,省, , ,Shenze
1792,面,深州市,131182,深州市,131182,县级市,衡水市,131100,地级市,河北省,130000,省, , ,Shenzhou
1793,面,什邡市,510682,什邡市,510682,县级市,德阳市,510600,地级市,四川省,510000,省, , ,Shifang
1794,面,神池县,140927,神池县,140927,县,忻州市,140900,地级市,山西省,140000,省, , ,Shenchi
1795,面,神木市,610881,神木市,610881,县级市,榆林市,610800,地级市,陕西省,610000,省,神木县,2017年撤销神木县，设立神木市,Shenmu
1796,面,神农架林区,429021,神农架林区,429021,林区,不统计,0,不统计,湖北省,420000,省, , ,Shennongjialin
1797,面,沈北新区,210113,沈北新区,210113,市辖区,沈阳市,210100,地级市,辽宁省,210000,省, , ,Shenbeixin
1798,面,沈河区,210103,沈河区,210103,市辖区,沈阳市,210100,地级市,辽宁省,210000,省, , ,Shenhe
1799,面,沈丘县,411624,沈丘县,411624,县,周口市,411600,地级市,河南省,410000,省, , ,Shenqiu
1800,面,嵊泗县,330922,嵊泗县,330922,县,舟山市,330900,地级市,浙江省,330000,省, , ,Shengsi
1801,面,嵊州市,330683,嵊州市,330683,县级市,绍兴市,330600,地级市,浙江省,330000,省, , ,Shengzhou
1802,面,师宗县,530323,师宗县,530323,县,曲靖市,530300,地级市,云南省,530000,省, , ,Shizong
1803,面,施秉县,522623,施秉县,522623,县,黔东南苗族侗族自治州,522600,自治州,贵州省,520000,省, , ,Shibing
1804,面,施甸县,530521,施甸县,530521,县,保山市,530500,地级市,云南省,530000,省, , ,Shidian
1805,面,浉河区,411502,浉河区,411502,市辖区,信阳市,411500,地级市,河南省,410000,省, , ,Shihe
1806,面,石城县,360735,石城县,360735,县,赣州市,360700,地级市,江西省,360000,省, , ,Shicheng
1807,面,石峰区,430204,石峰区,430204,市辖区,株洲市,430200,地级市,湖南省,430000,省, , ,Shifeng
1808,面,石鼓区,430407,石鼓区,430407,市辖区,衡阳市,430400,地级市,湖南省,430000,省, ,2001年新设立石鼓区,Shigu
1809,面,石拐区,150205,石拐区,150205,市辖区,包头市,150200,地级市,内蒙古自治区,150000,自治区, , ,Shiguai
1810,面,石河子市,659001,石河子市,659001,县级市,不统计,0,不统计,新疆维吾尔自治区,650000,自治区, ,"省直辖市,省直管,是县级单位",Shihezi
1811,面,石景山区,110107,石景山区,110107,市辖区,不统计,0,不统计,北京市,110000,直辖市, , ,Shijingshan
1812,面,石林彝族自治县,530126,石林彝族自治县,530126,自治县,昆明市,530100,地级市,云南省,530000,省, , ,Shilinyizu
1813,面,石龙区,410404,石龙区,410404,市辖区,平顶山市,410400,地级市,河南省,410000,省, , ,Shilong
1814,面,石楼县,141126,石楼县,141126,县,吕梁市,141100,地级市,山西省,140000,省, , ,Shilou
1815,面,石门县,430726,石门县,430726,县,常德市,430700,地级市,湖南省,430000,省, , ,Shimen
1816,面,石棉县,511824,石棉县,511824,县,雅安市,511800,地级市,四川省,510000,省, , ,Shimian
1817,面,石屏县,532525,石屏县,532525,县,红河哈尼族彝族自治州,532500,自治州,云南省,530000,省, , ,Shiping
1818,面,石阡县,520623,石阡县,520623,县,铜仁市,520600,地级市,贵州省,520000,省, , ,Shiqian
1819,面,石渠县,513332,石渠县,513332,县,甘孜藏族自治州,513300,自治州,四川省,510000,省, , ,Shiqu
1820,面,石泉县,610922,石泉县,610922,县,安康市,610900,地级市,陕西省,610000,省, , ,Shiquan
1821,面,石狮市,350581,石狮市,350581,县级市,泉州市,350500,地级市,福建省,350000,省, , ,Shishi
1822,面,石首市,421081,石首市,421081,县级市,荆州市,421000,地级市,湖北省,420000,省, , ,Shishou
1823,面,石台县,341722,石台县,341722,县,池州市,341700,地级市,安徽省,340000,省, , ,Shitai
1824,面,石柱土家族自治县,500240,石柱土家族自治县,500240,自治县,不统计,0,不统计,重庆市,500000,直辖市, , ,Shizhutujiazu
1825,面,始兴县,440222,始兴县,440222,县,韶关市,440200,地级市,广东省,440000,省, , ,Shixing
1826,面,市北区,370203,市北区,370203,市辖区,青岛市,370200,地级市,山东省,370000,省,四方区(市北区 ),2012年撤销四方区，和市北区设立新的市北区,Shibei
1827,面,市南区,370202,市南区,370202,市辖区,青岛市,370200,地级市,山东省,370000,省, , ,Shinan
1828,面,寿光市,370783,寿光市,370783,县级市,潍坊市,370700,地级市,山东省,370000,省, , ,Shouguang
1829,面,寿宁县,350924,寿宁县,350924,县,宁德市,350900,地级市,福建省,350000,省, , ,Shouning
1830,面,寿县,340422,寿县,340422,县,淮南市,340400,地级市,安徽省,340000,省, , ,Shouxian
1831,面,寿阳县,140725,寿阳县,140725,县,晋中市,140700,地级市,山西省,140000,省, , ,Shouyang
1832,面,舒城县,341523,舒城县,341523,县,六安市,341500,地级市,安徽省,340000,省, , ,Shucheng
1833,面,舒兰市,220283,舒兰市,220283,县级市,吉林市,220200,地级市,吉林省,220000,省, , ,Shulan
1834,面,疏附县,653121,疏附县,653121,县,喀什地区,653100,地区,新疆维吾尔自治区,650000,自治区, , ,Shufu
1835,面,疏勒县,653122,疏勒县,653122,县,喀什地区,653100,地区,新疆维吾尔自治区,650000,自治区, , ,Shule
1836,面,蜀山区,340104,蜀山区,340104,市辖区,合肥市,340100,地级市,安徽省,340000,省,西市区,2002年西市区更名为蜀山区,Shushan
1837,面,沭阳县,321322,沭阳县,321322,县,宿迁市,321300,地级市,江苏省,320000,省, , ,Shuyang
1838,面,双柏县,532322,双柏县,532322,县,楚雄彝族自治州,532300,自治州,云南省,530000,省, , ,Shuangbai
1839,面,双城区,230113,双城区,230113,市辖区,哈尔滨市,230100,地级市,黑龙江省,230000,省,双城市,2014年撤销双城市，设立双城区,Shuangcheng
1840,面,双峰县,431321,双峰县,431321,县,娄底市,431300,地级市,湖南省,430000,省, , ,Shuangfeng
1841,面,双河市,659007,双河市,659007,县级市,不统计,0,不统计,新疆维吾尔自治区,650000,自治区, ,"2014年新设双河市，省直管,是县级单位",Shuanghe
1842,面,双湖县,540630,双湖县,540630,县,那曲市,540600,地级市,西藏自治区,540000,自治区,尼玛县,2012年尼玛县拆出六乡一镇，设立双湖县,Shuanghu
1843,面,双江拉祜族佤族布朗族傣族自治县,530925,双江拉祜族佤族布朗族傣族自治县,530925,自治县,临沧市,530900,地级市,云南省,530000,省, , ,Shuangjianglahuzuwazubulangzudaizu
1844,面,双辽市,220382,双辽市,220382,县级市,四平市,220300,地级市,吉林省,220000,省, , ,Shuangliao
1845,面,双流区,510116,双流区,510116,市辖区,成都市,510100,地级市,四川省,510000,省,双流县,2015年撤销双流县，设立双流区,Shuangliu
1846,面,双滦区,130803,双滦区,130803,市辖区,承德市,130800,地级市,河北省,130000,省, , ,Shuangluan
1847,面,双牌县,431123,双牌县,431123,县,永州市,431100,地级市,湖南省,430000,省, , ,Shuangpai
1848,面,双桥区,130802,双桥区,130802,市辖区,承德市,130800,地级市,河北省,130000,省, , ,Shuangqiao
1849,面,双清区,430502,双清区,430502,市辖区,邵阳市,430500,地级市,湖南省,430000,省, , ,Shuangqing
1850,面,双塔区,211302,双塔区,211302,市辖区,朝阳市,211300,地级市,辽宁省,210000,省, ,2006年新设立双塔区,Shuangta
1851,面,双台子区,211102,双台子区,211102,市辖区,盘锦市,211100,地级市,辽宁省,210000,省, , ,Shuangtaizi
1852,面,双阳区,220112,双阳区,220112,市辖区,长春市,220100,地级市,吉林省,220000,省, , ,Shuangyang
1853,面,水城区,520204,水城区,520204,市辖区,六盘水市,520200,地级市,贵州省,520000,省,水城县, ,Shuicheng
1854,面,水富市,530681,水富市,530681,县级市,昭通市,530600,地级市,云南省,530000,省,水富县,2018年撤销水富县，设立水富市,Shuifu
1855,面,水磨沟区,650105,水磨沟区,650105,市辖区,乌鲁木齐市,650100,地级市,新疆维吾尔自治区,650000,自治区, ,2001年新设立水磨沟区,Shuimogou
1856,面,顺昌县,350721,顺昌县,350721,县,南平市,350700,地级市,福建省,350000,省, , ,Shunchang
1857,面,顺城区,210411,顺城区,210411,市辖区,抚顺市,210400,地级市,辽宁省,210000,省, , ,Shuncheng
1858,面,顺德区,440606,顺德区,440606,市辖区,佛山市,440600,地级市,广东省,440000,省,顺德市,2002年撤销顺德市，设立顺德区,Shunde
1859,面,顺河回族区,410203,顺河回族区,410203,市辖区,开封市,410200,地级市,河南省,410000,省, , ,Shunhehuizu
1860,面,顺平县,130636,顺平县,130636,县,保定市,130600,地级市,河北省,130000,省, , ,Shunping
1861,面,顺庆区,511302,顺庆区,511302,市辖区,南充市,511300,地级市,四川省,510000,省, , ,Shunqing
1862,面,顺义区,110113,顺义区,110113,市辖区,不统计,0,不统计,北京市,110000,直辖市, , ,Shunyi
1863,面,朔城区,140602,朔城区,140602,市辖区,朔州市,140600,地级市,山西省,140000,省, , ,Shuocheng
1864,面,思茅区,530802,思茅区,530802,市辖区,普洱市,530800,地级市,云南省,530000,省,思茅市,2003年撤销思茅市，设立翠云区,Simao
1865,面,思明区,350203,思明区,350203,市辖区,厦门市,350200,地级市,福建省,350000,省, , ,Siming
1866,面,思南县,520624,思南县,520624,县,铜仁市,520600,地级市,贵州省,520000,省, , ,Sinan
1867,面,四方台区,230505,四方台区,230505,市辖区,双鸭山市,230500,地级市,黑龙江省,230000,省, , ,Sifangtai
1868,面,四会市,441284,四会市,441284,县级市,肇庆市,441200,地级市,广东省,440000,省, , ,Sihui
1869,面,四子王旗,150929,四子王旗,150929,旗,乌兰察布市,150900,地级市,内蒙古自治区,150000,自治区, , ,Siziwang
1870,面,泗洪县,321324,泗洪县,321324,县,宿迁市,321300,地级市,江苏省,320000,省, , ,Sihong
1871,面,泗水县,370831,泗水县,370831,县,济宁市,370800,地级市,山东省,370000,省, , ,Sishui
1872,面,泗县,341324,泗县,341324,县,宿州市,341300,地级市,安徽省,340000,省, , ,Sixian
1873,面,泗阳县,321323,泗阳县,321323,县,宿迁市,321300,地级市,江苏省,320000,省, , ,Siyang
1874,面,松北区,230109,松北区,230109,市辖区,哈尔滨市,230100,地级市,黑龙江省,230000,省, ,2004年新设立松北区,Songbei
1875,面,松江区,310117,松江区,310117,市辖区,不统计,0,不统计,上海市,310000,直辖市, , ,Songjiang
1876,面,松潘县,513224,松潘县,513224,县,阿坝藏族羌族自治州,513200,自治州,四川省,510000,省, , ,Songpan
1877,面,松桃苗族自治县,520628,松桃苗族自治县,520628,自治县,铜仁市,520600,地级市,贵州省,520000,省, , ,Songtaomiaozu
1878,面,松溪县,350724,松溪县,350724,县,南平市,350700,地级市,福建省,350000,省, , ,Songxi
1879,面,松阳县,331124,松阳县,331124,县,丽水市,331100,地级市,浙江省,330000,省, , ,Songyang
1880,面,松滋市,421087,松滋市,421087,县级市,荆州市,421000,地级市,湖北省,420000,省, , ,Songzi
1881,面,嵩明县,530127,嵩明县,530127,县,昆明市,530100,地级市,云南省,530000,省, , ,Songming
1882,面,嵩县,410325,嵩县,410325,县,洛阳市,410300,地级市,河南省,410000,省, , ,Songxian
1883,面,苏家屯区,210111,苏家屯区,210111,市辖区,沈阳市,210100,地级市,辽宁省,210000,省, , ,Sujiatun
1884,面,苏尼特右旗,152524,苏尼特右旗,152524,旗,锡林郭勒盟,152500,盟,内蒙古自治区,150000,自治区, , ,Suniteyou
1885,面,苏尼特左旗,152523,苏尼特左旗,152523,旗,锡林郭勒盟,152500,盟,内蒙古自治区,150000,自治区, , ,Sunitezuo
1886,面,苏仙区,431003,苏仙区,431003,市辖区,郴州市,431000,地级市,湖南省,430000,省, , ,Suxian
1887,面,肃北蒙古族自治县,620923,肃北蒙古族自治县,620923,自治县,酒泉市,620900,地级市,甘肃省,620000,省, , ,Subeimengguzu
1888,面,肃南裕固族自治县,620721,肃南裕固族自治县,620721,自治县,张掖市,620700,地级市,甘肃省,620000,省, , ,Sunanyuguzu
1889,面,肃宁县,130926,肃宁县,130926,县,沧州市,130900,地级市,河北省,130000,省, , ,Suning
1890,面,肃州区,620902,肃州区,620902,市辖区,酒泉市,620900,地级市,甘肃省,620000,省,酒泉市,2002年撤销酒泉市，设立肃州区,Suzhou
1891,面,宿城区,321302,宿城区,321302,市辖区,宿迁市,321300,地级市,江苏省,320000,省, , ,Sucheng
1892,面,宿松县,340826,宿松县,340826,县,安庆市,340800,地级市,安徽省,340000,省, , ,Susong
1893,面,宿豫区,321311,宿豫区,321311,市辖区,宿迁市,321300,地级市,江苏省,320000,省,宿豫县,2004年撤销宿豫县，设立宿豫区,Suyu
1894,面,睢宁县,320324,睢宁县,320324,县,徐州市,320300,地级市,江苏省,320000,省, , ,Suining
1895,面,睢县,411422,睢县,411422,县,商丘市,411400,地级市,河南省,410000,省, , ,Suixian
1896,面,睢阳区,411403,睢阳区,411403,市辖区,商丘市,411400,地级市,河南省,410000,省, , ,Suiyang
1897,面,濉溪县,340621,濉溪县,340621,县,淮北市,340600,地级市,安徽省,340000,省, , ,Suixi
1898,面,绥滨县,230422,绥滨县,230422,县,鹤岗市,230400,地级市,黑龙江省,230000,省, , ,Suibin
1899,面,绥德县,610826,绥德县,610826,县,榆林市,610800,地级市,陕西省,610000,省, , ,Suide
1900,面,绥芬河市,231081,绥芬河市,231081,县级市,牡丹江市,231000,地级市,黑龙江省,230000,省, , ,Suifenhe
1901,面,绥江县,530626,绥江县,530626,县,昭通市,530600,地级市,云南省,530000,省, , ,Suijiang
1902,面,绥棱县,231226,绥棱县,231226,县,绥化市,231200,地级市,黑龙江省,230000,省, , ,Suiling
1903,面,绥宁县,430527,绥宁县,430527,县,邵阳市,430500,地级市,湖南省,430000,省, , ,Suining
1904,面,绥阳县,520323,绥阳县,520323,县,遵义市,520300,地级市,贵州省,520000,省, , ,Suiyang
1905,面,绥中县,211421,绥中县,211421,县,葫芦岛市,211400,地级市,辽宁省,210000,省, , ,Suizhong
1906,面,随县,421321,随县,421321,县,随州市,421300,地级市,湖北省,420000,省,随县,2009年拆分曾都区设立随县,Suixian
1907,面,遂昌县,331123,遂昌县,331123,县,丽水市,331100,地级市,浙江省,330000,省, , ,Suichang
1908,面,遂川县,360827,遂川县,360827,县,吉安市,360800,地级市,江西省,360000,省, , ,Suichuan
1909,面,遂平县,411728,遂平县,411728,县,驻马店市,411700,地级市,河南省,410000,省, , ,Suiping
1910,面,遂溪县,440823,遂溪县,440823,县,湛江市,440800,地级市,广东省,440000,省, , ,Suixi
1911,面,孙吴县,231124,孙吴县,231124,县,黑河市,231100,地级市,黑龙江省,230000,省, , ,Sunwu
1912,面,索县,540626,索县,540626,县,那曲市,540600,地级市,西藏自治区,540000,自治区, , ,Suoxian
1913,面,塔城市,654201,塔城市,654201,县级市,塔城地区,654200,地区,新疆维吾尔自治区,650000,自治区, , ,Tacheng
1914,面,塔河县,232722,塔河县,232722,县,大兴安岭地区,232700,地区,黑龙江省,230000,省, , ,Tahe
1915,面,塔什库尔干塔吉克自治县,653131,塔什库尔干塔吉克自治县,653131,自治县,喀什地区,653100,地区,新疆维吾尔自治区,650000,自治区, , ,Tashikuergantajike
1916,面,台安县,210321,台安县,210321,县,鞍山市,210300,地级市,辽宁省,210000,省, , ,Taian
1917,面,台儿庄区,370405,台儿庄区,370405,市辖区,枣庄市,370400,地级市,山东省,370000,省, , ,Taierzhuang
1918,面,台江区,350103,台江区,350103,市辖区,福州市,350100,地级市,福建省,350000,省, , ,Taijiang
1919,面,台江县,522630,台江县,522630,县,黔东南苗族侗族自治州,522600,自治州,贵州省,520000,省, , ,Taijiang
1920,面,台前县,410927,台前县,410927,县,濮阳市,410900,地级市,河南省,410000,省, , ,Taiqian
1921,面,台山市,440781,台山市,440781,县级市,江门市,440700,地级市,广东省,440000,省, , ,Taishan
1922,面,太白县,610331,太白县,610331,县,宝鸡市,610300,地级市,陕西省,610000,省, , ,Taibai
1923,面,太仓市,320585,太仓市,320585,县级市,苏州市,320500,地级市,江苏省,320000,省, , ,Taicang
1924,面,太谷区,140703,太谷区,140703,市辖区,晋中市,140700,地级市,山西省,140000,省,太谷县,2019年撤销太谷县，设立太谷区,Taigu
1925,面,太和区,210711,太和区,210711,市辖区,锦州市,210700,地级市,辽宁省,210000,省, , ,Taihe
1926,面,太和县,341222,太和县,341222,县,阜阳市,341200,地级市,安徽省,340000,省, , ,Taihe
1927,面,太湖县,340825,太湖县,340825,县,安庆市,340800,地级市,安徽省,340000,省, , ,Taihu
1928,面,太康县,411627,太康县,411627,县,周口市,411600,地级市,河南省,410000,省, , ,Taikang
1929,面,太平区,210904,太平区,210904,市辖区,阜新市,210900,地级市,辽宁省,210000,省, ,2002年新设立太平区,Taiping
1930,面,太仆寺旗,152527,太仆寺旗,152527,旗,锡林郭勒盟,152500,盟,内蒙古自治区,150000,自治区, , ,Taipusi
1931,面,太子河区,211011,太子河区,211011,市辖区,辽阳市,211000,地级市,辽宁省,210000,省, , ,Taizihe
1932,面,泰和县,360826,泰和县,360826,县,吉安市,360800,地级市,江西省,360000,省, , ,Taihe
1933,面,泰来县,230224,泰来县,230224,县,齐齐哈尔市,230200,地级市,黑龙江省,230000,省, , ,Tailai
1934,面,泰宁县,350429,泰宁县,350429,县,三明市,350400,地级市,福建省,350000,省, , ,Taining
1935,面,泰山区,370902,泰山区,370902,市辖区,泰安市,370900,地级市,山东省,370000,省, , ,Taishan
1936,面,泰顺县,330329,泰顺县,330329,县,温州市,330300,地级市,浙江省,330000,省, , ,Taishun
1937,面,泰兴市,321283,泰兴市,321283,县级市,泰州市,321200,地级市,江苏省,320000,省, , ,Taixing
1938,面,郯城县,371322,郯城县,371322,县,临沂市,371300,地级市,山东省,370000,省, , ,Tancheng
1939,面,覃塘区,450804,覃塘区,450804,市辖区,贵港市,450800,地级市,广西壮族自治区,450000,自治区, ,2003年新设立覃塘区,Qintang
1940,面,汤阴县,410523,汤阴县,410523,县,安阳市,410500,地级市,河南省,410000,省, , ,Tangyin
1941,面,唐河县,411328,唐河县,411328,县,南阳市,411300,地级市,河南省,410000,省, , ,Tanghe
1942,面,唐县,130627,唐县,130627,县,保定市,130600,地级市,河北省,130000,省, , ,Tangxian
1943,面,洮北区,220802,洮北区,220802,市辖区,白城市,220800,地级市,吉林省,220000,省, , ,Taobei
1944,面,洮南市,220881,洮南市,220881,县级市,白城市,220800,地级市,吉林省,220000,省, , ,Taonan
1945,面,桃城区,131102,桃城区,131102,市辖区,衡水市,131100,地级市,河北省,130000,省, , ,Taocheng
1946,面,桃江县,430922,桃江县,430922,县,益阳市,430900,地级市,湖南省,430000,省, , ,Taojiang
1947,面,桃山区,230903,桃山区,230903,市辖区,七台河市,230900,地级市,黑龙江省,230000,省, , ,Taoshan
1948,面,桃源县,430725,桃源县,430725,县,常德市,430700,地级市,湖南省,430000,省, , ,Taoyuan
1949,面,特克斯县,654027,特克斯县,654027,县,伊犁哈萨克自治州,654000,自治州,新疆维吾尔自治区,650000,自治区, , ,Tekesi
1950,面,腾冲市,530581,腾冲市,530581,县级市,保山市,530500,地级市,云南省,530000,省,腾冲县,2015年撤销腾冲县，设立腾冲市,Tengchong
1951,面,滕州市,370481,滕州市,370481,县级市,枣庄市,370400,地级市,山东省,370000,省, , ,Tengzhou
1952,面,藤县,450422,藤县,450422,县,梧州市,450400,地级市,广西壮族自治区,450000,自治区, , ,Tengxian
1953,面,天等县,451425,天等县,451425,县,崇左市,451400,地级市,广西壮族自治区,450000,自治区, , ,Tiandeng
1954,面,天峨县,451222,天峨县,451222,县,河池市,451200,地级市,广西壮族自治区,450000,自治区, , ,Tiane
1955,面,天河区,440106,天河区,440106,市辖区,广州市,440100,地级市,广东省,440000,省, , ,Tianhe
1956,面,天峻县,632823,天峻县,632823,县,海西蒙古族藏族自治州,632800,自治州,青海省,630000,省, , ,Tianjun
1957,面,天门市,429006,天门市,429006,县级市,不统计,0,不统计,湖北省,420000,省, ,"省直辖市,省直管,是县级单位",Tianmen
1958,面,天宁区,320402,天宁区,320402,市辖区,常州市,320400,地级市,江苏省,320000,省, , ,Tianning
1959,面,天桥区,370105,天桥区,370105,市辖区,济南市,370100,地级市,山东省,370000,省, , ,Tianqiao
1960,面,天全县,511825,天全县,511825,县,雅安市,511800,地级市,四川省,510000,省, , ,Tianquan
1961,面,天山区,650102,天山区,650102,市辖区,乌鲁木齐市,650100,地级市,新疆维吾尔自治区,650000,自治区, ,2001年新设立天山区,Tianshan
1962,面,天台县,331023,天台县,331023,县,台州市,331000,地级市,浙江省,330000,省, , ,Tiantai
1963,面,天心区,430103,天心区,430103,市辖区,长沙市,430100,地级市,湖南省,430000,省, , ,Tianxin
1964,面,天涯区,460204,天涯区,460204,市辖区,三亚市,460200,地级市,海南省,460000,省, ,2014年新设天涯区,Tianya
1965,面,天元区,430211,天元区,430211,市辖区,株洲市,430200,地级市,湖南省,430000,省, , ,Tianyuan
1966,面,天长市,341181,天长市,341181,县级市,滁州市,341100,地级市,安徽省,340000,省, , ,Tianchang
1967,面,天镇县,140222,天镇县,140222,县,大同市,140200,地级市,山西省,140000,省, , ,Tianzhen
1968,面,天柱县,522627,天柱县,522627,县,黔东南苗族侗族自治州,522600,自治州,贵州省,520000,省, , ,Tianzhu
1969,面,天祝藏族自治县,620623,天祝藏族自治县,620623,自治县,武威市,620600,地级市,甘肃省,620000,省, , ,Tianzhuzangzu
1970,面,田东县,451022,田东县,451022,县,百色市,451000,地级市,广西壮族自治区,450000,自治区, , ,Tiandong
1971,面,田家庵区,340403,田家庵区,340403,市辖区,淮南市,340400,地级市,安徽省,340000,省, ,2003年新设立田家庵区,Tianjiaan
1972,面,田林县,451029,田林县,451029,县,百色市,451000,地级市,广西壮族自治区,450000,自治区, , ,Tianlin
1973,面,田阳区,451003,田阳区,451003,市辖区,百色市,451000,地级市,广西壮族自治区,450000,自治区,田阳县,2019年撤销田阳县，设立田阳区,Tianyang
1974,面,铁锋区,230204,铁锋区,230204,市辖区,齐齐哈尔市,230200,地级市,黑龙江省,230000,省, , ,Tiefeng
1975,面,铁力市,230781,铁力市,230781,县级市,伊春市,230700,地级市,黑龙江省,230000,省, , ,Tieli
1976,面,铁岭县,211221,铁岭县,211221,县,铁岭市,211200,地级市,辽宁省,210000,省, , ,Tieling
1977,面,铁门关市,659006,铁门关市,659006,县级市,不统计,0,不统计,新疆维吾尔自治区,650000,自治区, ,"省直辖市,省直管,是县级单位",Tiemenguan
1978,面,铁山港区,450512,铁山港区,450512,市辖区,北海市,450500,地级市,广西壮族自治区,450000,自治区, , ,Tieshangang
1979,面,铁山区,420205,铁山区,420205,市辖区,黄石市,420200,地级市,湖北省,420000,省, , ,Tieshan
1980,面,亭湖区,320902,亭湖区,320902,市辖区,盐城市,320900,地级市,江苏省,320000,省,城区,2003年城区更名为亭湖区,Tinghu
1981,面,通城县,421222,通城县,421222,县,咸宁市,421200,地级市,湖北省,420000,省, , ,Tongcheng
1982,面,通川区,511702,通川区,511702,市辖区,达州市,511700,地级市,四川省,510000,省, , ,Tongchuan
1983,面,通道侗族自治县,431230,通道侗族自治县,431230,自治县,怀化市,431200,地级市,湖南省,430000,省, , ,Tongdaodongzu
1984,面,通海县,530423,通海县,530423,县,玉溪市,530400,地级市,云南省,530000,省, , ,Tonghai
1985,面,通河县,230128,通河县,230128,县,哈尔滨市,230100,地级市,黑龙江省,230000,省, , ,Tonghe
1986,面,通化县,220521,通化县,220521,县,通化市,220500,地级市,吉林省,220000,省, , ,Tonghua
1987,面,通江县,511921,通江县,511921,县,巴中市,511900,地级市,四川省,510000,省, , ,Tongjiang
1988,面,通山县,421224,通山县,421224,县,咸宁市,421200,地级市,湖北省,420000,省, , ,Tongshan
1989,面,通渭县,621121,通渭县,621121,县,定西市,621100,地级市,甘肃省,620000,省, , ,Tongwei
1990,面,通许县,410222,通许县,410222,县,开封市,410200,地级市,河南省,410000,省, , ,Tongxu
1991,面,通榆县,220822,通榆县,220822,县,白城市,220800,地级市,吉林省,220000,省, , ,Tongyu
1992,面,同安区,350212,同安区,350212,市辖区,厦门市,350200,地级市,福建省,350000,省, , ,Tongan
1993,面,同德县,632522,同德县,632522,县,海南藏族自治州,632500,自治州,青海省,630000,省, , ,Tongde
1994,面,同江市,230881,同江市,230881,县级市,佳木斯市,230800,地级市,黑龙江省,230000,省, , ,Tongjiang
1995,面,同仁市,632301,同仁市,632301,县级市,黄南藏族自治州,632300,自治州,青海省,630000,省,同仁县,2020年撤销同仁县，设立同仁市,Tongren
1996,面,同心县,640324,同心县,640324,县,吴忠市,640300,地级市,宁夏回族自治区,640000,自治区, , ,Tongxin
1997,面,桐柏县,411330,桐柏县,411330,县,南阳市,411300,地级市,河南省,410000,省, , ,Tongbai
1998,面,桐城市,340881,桐城市,340881,县级市,安庆市,340800,地级市,安徽省,340000,省, , ,Tongcheng
1999,面,桐庐县,330122,桐庐县,330122,县,杭州市,330100,地级市,浙江省,330000,省, , ,Tonglu
2000,面,桐乡市,330483,桐乡市,330483,县级市,嘉兴市,330400,地级市,浙江省,330000,省, , ,Tongxiang
2001,面,桐梓县,520322,桐梓县,520322,县,遵义市,520300,地级市,贵州省,520000,省, , ,Tongzi
2002,面,铜鼓县,360926,铜鼓县,360926,县,宜春市,360900,地级市,江西省,360000,省, , ,Tonggu
2003,面,铜官区,340705,铜官区,340705,市辖区,铜陵市,340700,地级市,安徽省,340000,省,铜官山区、狮子山区,2015年撤销铜官山区、狮子山区，设立铜官区,Tongguan
2004,面,铜梁区,500151,铜梁区,500151,市辖区,不统计,0,不统计,重庆市,500000,直辖市,铜梁县,2014年撤销铜梁县，设立铜梁区,Tongliang
2005,面,铜山区,320312,铜山区,320312,市辖区,徐州市,320300,地级市,江苏省,320000,省,铜山县,2010年撤销铜山县，合并部分九里区，设立铜山区,Tongshan
2006,面,潼关县,610522,潼关县,610522,县,渭南市,610500,地级市,陕西省,610000,省, , ,Tongguan
2007,面,潼南区,500152,潼南区,500152,市辖区,不统计,0,不统计,重庆市,500000,直辖市,潼南县,2015年撤销潼南县，设立潼南区,Tongnan
2008,面,头屯河区,650106,头屯河区,650106,市辖区,乌鲁木齐市,650100,地级市,新疆维吾尔自治区,650000,自治区, ,2001年新设立头屯河区,Toutunhe
2009,面,突泉县,152224,突泉县,152224,县,兴安盟,152200,盟,内蒙古自治区,150000,自治区, , ,Tuquan
2010,面,图们市,222402,图们市,222402,县级市,延边朝鲜族自治州,222400,自治州,吉林省,220000,省, , ,Tumen
2011,面,图木舒克市,659003,图木舒克市,659003,县级市,不统计,0,不统计,新疆维吾尔自治区,650000,自治区, ,"2014年新设图木舒克市，省直管,是县级单位",Tumushuke
2012,面,土默特右旗,150221,土默特右旗,150221,旗,包头市,150200,地级市,内蒙古自治区,150000,自治区, , ,Tumoteyou
2013,面,土默特左旗,150121,土默特左旗,150121,旗,呼和浩特市,150100,地级市,内蒙古自治区,150000,自治区, , ,Tumotezuo
2014,面,团风县,421121,团风县,421121,县,黄冈市,421100,地级市,湖北省,420000,省, , ,Tuanfeng
2015,面,屯昌县,469022,屯昌县,469022,县,不统计,0,不统计,海南省,460000,省, ,"省直辖县,省直管,是县级单位",Tunchang
2016,面,屯留区,140405,屯留区,140405,市辖区,长治市,140400,地级市,山西省,140000,省,屯留县,2018年撤销屯留县，设立屯留区,Tunliu
2017,面,屯溪区,341002,屯溪区,341002,市辖区,黄山市,341000,地级市,安徽省,340000,省, , ,Tunxi
2018,面,托克托县,150122,托克托县,150122,县,呼和浩特市,150100,地级市,内蒙古自治区,150000,自治区, , ,Tuoketuo
2019,面,托克逊县,650422,托克逊县,650422,县,吐鲁番市,650400,地级市,新疆维吾尔自治区,650000,自治区, , ,Tuokexun
2020,面,托里县,654224,托里县,654224,县,塔城地区,654200,地区,新疆维吾尔自治区,650000,自治区, , ,Tuoli
2021,面,瓦房店市,210281,瓦房店市,210281,县级市,大连市,210200,地级市,辽宁省,210000,省, , ,Wafangdian
2022,面,宛城区,411302,宛城区,411302,市辖区,南阳市,411300,地级市,河南省,410000,省, , ,Wancheng
2023,面,万安县,360828,万安县,360828,县,吉安市,360800,地级市,江西省,360000,省, , ,Wanan
2024,面,万柏林区,140109,万柏林区,140109,市辖区,太原市,140100,地级市,山西省,140000,省, , ,Wanbailin
2025,面,万年县,361129,万年县,361129,县,上饶市,361100,地级市,江西省,360000,省, , ,Wannian
2026,面,万宁市,469006,万宁市,469006,县级市,不统计,0,不统计,海南省,460000,省, ,"省直辖市,省直管,是县级单位",Wanning
2027,面,万全区,130708,万全区,130708,市辖区,张家口市,130700,地级市,河北省,130000,省,万全县,2016年撤销万全县，设立万全区,Wanquan
2028,面,万荣县,140822,万荣县,140822,县,运城市,140800,地级市,山西省,140000,省, , ,Wanrong
2029,面,万山区,520603,万山区,520603,市辖区,铜仁市,520600,地级市,贵州省,520000,省,万山特区,2011年撤销万山特区，设立万山区,Wanshan
2030,面,万秀区,450403,万秀区,450403,市辖区,梧州市,450400,地级市,广西壮族自治区,450000,自治区,蝶山区(万秀区),2013年撤销蝶山区，和万秀区设立新的万秀区,Wanxiu
2031,面,万源市,511781,万源市,511781,县级市,达州市,511700,地级市,四川省,510000,省, , ,Wanyuan
2032,面,万载县,360922,万载县,360922,县,宜春市,360900,地级市,江西省,360000,省, , ,Wanzai
2033,面,万州区,500101,万州区,500101,市辖区,不统计,0,不统计,重庆市,500000,直辖市, , ,Wanzhou
2034,面,汪清县,222424,汪清县,222424,县,延边朝鲜族自治州,222400,自治州,吉林省,220000,省, , ,Wangqing
2035,面,王益区,610202,王益区,610202,市辖区,铜川市,610200,地级市,陕西省,610000,省,城区,2000年撤销城区，设立王益区,Wangyi
2036,面,旺苍县,510821,旺苍县,510821,县,广元市,510800,地级市,四川省,510000,省, , ,Wangcang
2037,面,望城区,430112,望城区,430112,市辖区,长沙市,430100,地级市,湖南省,430000,省,望城县,2011年撤销望城县，设立望城区,Wangcheng
2038,面,望都县,130631,望都县,130631,县,保定市,130600,地级市,河北省,130000,省, , ,Wangdu
2039,面,望花区,210404,望花区,210404,市辖区,抚顺市,210400,地级市,辽宁省,210000,省, , ,Wanghua
2040,面,望江县,340827,望江县,340827,县,安庆市,340800,地级市,安徽省,340000,省, , ,Wangjiang
2041,面,望奎县,231221,望奎县,231221,县,绥化市,231200,地级市,黑龙江省,230000,省, , ,Wangkui
2042,面,望谟县,522326,望谟县,522326,县,黔西南布依族苗族自治州,522300,自治州,贵州省,520000,省, , ,Wangmo
2043,面,威宁彝族回族苗族自治县,520526,威宁彝族回族苗族自治县,520526,自治县,毕节市,520500,地级市,贵州省,520000,省, , ,Weiningyizuhuizumiaozu
2044,面,威县,130533,威县,130533,县,邢台市,130500,地级市,河北省,130000,省, , ,Weixian
2045,面,威信县,530629,威信县,530629,县,昭通市,530600,地级市,云南省,530000,省, , ,Weixin
2046,面,威远县,511024,威远县,511024,县,内江市,511000,地级市,四川省,510000,省, , ,Weiyuan
2047,面,微山县,370826,微山县,370826,县,济宁市,370800,地级市,山东省,370000,省, , ,Weishan
2048,面,巍山彝族回族自治县,532927,巍山彝族回族自治县,532927,自治县,大理白族自治州,532900,自治州,云南省,530000,省, , ,Weishanyizuandhuizu
2049,面,围场满族蒙古族自治县,130828,围场满族蒙古族自治县,130828,自治县,承德市,130800,地级市,河北省,130000,省, , ,Weichangmanzuandmengguzu
2050,面,维西傈僳族自治县,533423,维西傈僳族自治县,533423,自治县,迪庆藏族自治州,533400,自治州,云南省,530000,省, , ,Weixilisuzu
2051,面,潍城区,370702,潍城区,370702,市辖区,潍坊市,370700,地级市,山东省,370000,省, , ,Weicheng
2052,面,卫滨区,410703,卫滨区,410703,市辖区,新乡市,410700,地级市,河南省,410000,省,新华区,2003年新华区更名为卫滨区,Weibin
2053,面,卫东区,410403,卫东区,410403,市辖区,平顶山市,410400,地级市,河南省,410000,省, , ,Weidong
2054,面,卫辉市,410781,卫辉市,410781,县级市,新乡市,410700,地级市,河南省,410000,省, , ,Weihui
2055,面,未央区,610112,未央区,610112,市辖区,西安市,610100,地级市,陕西省,610000,省, , ,Weiyang
2056,面,尉犁县,652823,尉犁县,652823,县,巴音郭楞蒙古自治州,652800,自治州,新疆维吾尔自治区,650000,自治区, , ,Yuli
2057,面,尉氏县,410223,尉氏县,410223,县,开封市,410200,地级市,河南省,410000,省, , ,Weishi
2058,面,渭滨区,610302,渭滨区,610302,市辖区,宝鸡市,610300,地级市,陕西省,610000,省, , ,Weibin
2059,面,渭城区,610404,渭城区,610404,市辖区,咸阳市,610400,地级市,陕西省,610000,省, , ,Weicheng
2060,面,渭源县,621123,渭源县,621123,县,定西市,621100,地级市,甘肃省,620000,省, , ,Weiyuan
2061,面,蔚县,130726,蔚县,130726,县,张家口市,130700,地级市,河北省,130000,省, , ,Yuxian
2062,面,魏都区,411002,魏都区,411002,市辖区,许昌市,411000,地级市,河南省,410000,省, , ,Weidu
2063,面,魏县,130434,魏县,130434,县,邯郸市,130400,地级市,河北省,130000,省, , ,Weixian
2064,面,温江区,510115,温江区,510115,市辖区,成都市,510100,地级市,四川省,510000,省,温江县,2002年撤销温江县，设立温江区,Wenjiang
2065,面,温岭市,331081,温岭市,331081,县级市,台州市,331000,地级市,浙江省,330000,省, , ,Wenling
2066,面,温泉县,652723,温泉县,652723,县,博尔塔拉蒙古自治州,652700,自治州,新疆维吾尔自治区,650000,自治区, , ,Wenquan
2067,面,温宿县,652922,温宿县,652922,县,阿克苏地区,652900,地区,新疆维吾尔自治区,650000,自治区, , ,Wensu
2068,面,温县,410825,温县,410825,县,焦作市,410800,地级市,河南省,410000,省, , ,Wenxian
2069,面,文安县,131026,文安县,131026,县,廊坊市,131000,地级市,河北省,130000,省, , ,Wenan
2070,面,文昌市,469005,文昌市,469005,县级市,不统计,0,不统计,海南省,460000,省, ,"省直辖市,省直管,是县级单位",Wenchang
2071,面,文成县,330328,文成县,330328,县,温州市,330300,地级市,浙江省,330000,省, , ,Wencheng
2072,面,文登区,371003,文登区,371003,市辖区,威海市,371000,地级市,山东省,370000,省,文登市,2014年撤销文登市，新设文登市,Wendeng
2073,面,文峰区,410502,文峰区,410502,市辖区,安阳市,410500,地级市,河南省,410000,省, , ,Wenfeng
2074,面,文山市,532601,文山市,532601,县级市,文山壮族苗族自治州,532600,自治州,云南省,530000,省,文山市,2010年撤销文山县，设立文山市,Wenshan
2075,面,文圣区,211003,文圣区,211003,市辖区,辽阳市,211000,地级市,辽宁省,210000,省, , ,Wensheng
2076,面,文水县,141121,文水县,141121,县,吕梁市,141100,地级市,山西省,140000,省, , ,Wenshui
2077,面,文县,621222,文县,621222,县,陇南市,621200,地级市,甘肃省,620000,省, , ,Wenxian
2078,面,闻喜县,140823,闻喜县,140823,县,运城市,140800,地级市,山西省,140000,省, , ,Wenxi
2079,面,汶川县,513221,汶川县,513221,县,阿坝藏族羌族自治州,513200,自治州,四川省,510000,省, , ,Wenchuan
2080,面,汶上县,370830,汶上县,370830,县,济宁市,370800,地级市,山东省,370000,省, , ,Wenshang
2081,面,翁牛特旗,150426,翁牛特旗,150426,旗,赤峰市,150400,地级市,内蒙古自治区,150000,自治区, , ,Wengniute
2082,面,翁源县,440229,翁源县,440229,县,韶关市,440200,地级市,广东省,440000,省, , ,Wengyuan
2083,面,瓮安县,522725,瓮安县,522725,县,黔南布依族苗族自治州,522700,自治州,贵州省,520000,省, , ,Wengan
2084,面,涡阳县,341621,涡阳县,341621,县,亳州市,341600,地级市,安徽省,340000,省, , ,Guoyang
2085,面,卧龙区,411303,卧龙区,411303,市辖区,南阳市,411300,地级市,河南省,410000,省, , ,Wolong
2086,面,乌达区,150304,乌达区,150304,市辖区,乌海市,150300,地级市,内蒙古自治区,150000,自治区, , ,Wuda
2087,面,乌当区,520112,乌当区,520112,市辖区,贵阳市,520100,地级市,贵州省,520000,省, , ,Wudang
2088,面,乌尔禾区,650205,乌尔禾区,650205,市辖区,克拉玛依市,650200,地级市,新疆维吾尔自治区,650000,自治区, , ,Wuerhe
2089,面,乌拉特后旗,150825,乌拉特后旗,150825,旗,巴彦淖尔市,150800,地级市,内蒙古自治区,150000,自治区, , ,Wulatehou
2090,面,乌拉特前旗,150823,乌拉特前旗,150823,旗,巴彦淖尔市,150800,地级市,内蒙古自治区,150000,自治区, , ,Wulateqian
2091,面,乌拉特中旗,150824,乌拉特中旗,150824,旗,巴彦淖尔市,150800,地级市,内蒙古自治区,150000,自治区, , ,Wulatezhong
2092,面,乌兰浩特市,152201,乌兰浩特市,152201,县级市,兴安盟,152200,盟,内蒙古自治区,150000,自治区, , ,Wulanhaote
2093,面,乌兰县,632821,乌兰县,632821,县,海西蒙古族藏族自治州,632800,自治州,青海省,630000,省, , ,Wulan
2094,面,乌鲁木齐县,650121,乌鲁木齐县,650121,县,乌鲁木齐市,650100,地级市,新疆维吾尔自治区,650000,自治区, , ,Wulumuqi
2095,面,乌恰县,653024,乌恰县,653024,县,克孜勒苏柯尔克孜自治州,653000,自治州,新疆维吾尔自治区,650000,自治区, , ,Wuqia
2096,面,乌什县,652927,乌什县,652927,县,阿克苏地区,652900,地区,新疆维吾尔自治区,650000,自治区, , ,Wushi
2097,面,乌审旗,150626,乌审旗,150626,旗,鄂尔多斯市,150600,地级市,内蒙古自治区,150000,自治区, , ,Wushen
2098,面,乌苏市,654202,乌苏市,654202,县级市,塔城地区,654200,地区,新疆维吾尔自治区,650000,自治区, , ,Wusu
2099,面,巫山县,500237,巫山县,500237,县,不统计,0,不统计,重庆市,500000,直辖市, , ,Wushan
2100,面,巫溪县,500238,巫溪县,500238,县,不统计,0,不统计,重庆市,500000,直辖市, , ,Wuxi
2101,面,无棣县,371623,无棣县,371623,县,滨州市,371600,地级市,山东省,370000,省, , ,Wudi
2102,面,无极县,130130,无极县,130130,县,石家庄市,130100,地级市,河北省,130000,省, , ,Wuji
2103,面,无为市,340281,无为市,340281,县级市,芜湖市,340200,地级市,安徽省,340000,省,无为县,2019年撤销无为县，设立无为市,Wuwei
2104,面,湾沚区,340210,湾沚区,340210,市辖区,芜湖市,340200,地级市,安徽省,340000,省,芜湖县,2020年撤销芜湖县，设立湾沚区,Wanzhi
2105,面,吴堡县,610829,吴堡县,610829,县,榆林市,610800,地级市,陕西省,610000,省, , ,Wubu
2106,面,吴川市,440883,吴川市,440883,县级市,湛江市,440800,地级市,广东省,440000,省, , ,Wuchuan
2107,面,吴江区,320509,吴江区,320509,市辖区,苏州市,320500,地级市,江苏省,320000,省,吴江市,2012年撤销吴江市，设立吴江区,Wujiang
2108,面,吴起县,610626,吴起县,610626,县,延安市,610600,地级市,陕西省,610000,省, , ,Wuqi
2109,面,吴桥县,130928,吴桥县,130928,县,沧州市,130900,地级市,河北省,130000,省, , ,Wuqiao
2110,面,吴兴区,330502,吴兴区,330502,市辖区,湖州市,330500,地级市,浙江省,330000,省, ,2003年新设立吴兴区,Wuxing
2111,面,吴中区,320506,吴中区,320506,市辖区,苏州市,320500,地级市,江苏省,320000,省,吴县市,2000年撤销吴县市，设立吴中区和相城区,Wuzhong
2112,面,五常市,230184,五常市,230184,县级市,哈尔滨市,230100,地级市,黑龙江省,230000,省, , ,Wuchang
2113,面,五大连池市,231182,五大连池市,231182,县级市,黑河市,231100,地级市,黑龙江省,230000,省, , ,Wudalianchi
2114,面,五峰土家族自治县,420529,五峰土家族自治县,420529,自治县,宜昌市,420500,地级市,湖北省,420000,省, , ,Wufengtujiazu
2115,面,五河县,340322,五河县,340322,县,蚌埠市,340300,地级市,安徽省,340000,省, , ,Wuhe
2116,面,五华区,530102,五华区,530102,市辖区,昆明市,530100,地级市,云南省,530000,省, , ,Wuhua
2117,面,五华县,441424,五华县,441424,县,梅州市,441400,地级市,广东省,440000,省, , ,Wuhua
2118,面,五家渠市,659004,五家渠市,659004,县级市,不统计,0,不统计,新疆维吾尔自治区,650000,自治区, ,"省直辖市,省直管,是县级单位",Wujiaqu
2119,面,五莲县,371121,五莲县,371121,县,日照市,371100,地级市,山东省,370000,省, , ,Wulian
2120,面,五台县,140922,五台县,140922,县,忻州市,140900,地级市,山西省,140000,省, , ,Wutai
2121,面,五通桥区,511112,五通桥区,511112,市辖区,乐山市,511100,地级市,四川省,510000,省, , ,Wutongqiao
2122,面,五原县,150821,五原县,150821,县,巴彦淖尔市,150800,地级市,内蒙古自治区,150000,自治区, , ,Wuyuan
2123,面,五寨县,140928,五寨县,140928,县,忻州市,140900,地级市,山西省,140000,省, , ,Wuzhai
2124,面,五指山市,469001,五指山市,469001,县级市,不统计,0,不统计,海南省,460000,省, ,"省直辖市,省直管,是县级单位",Wuzhishan
2125,面,伍家岗区,420503,伍家岗区,420503,市辖区,宜昌市,420500,地级市,湖北省,420000,省, , ,Wujiagang
2126,面,武安市,130481,武安市,130481,县级市,邯郸市,130400,地级市,河北省,130000,省, , ,Wuan
2127,面,武昌区,420106,武昌区,420106,市辖区,武汉市,420100,地级市,湖北省,420000,省, , ,Wuchang
2128,面,武城县,371428,武城县,371428,县,德州市,371400,地级市,山东省,370000,省, , ,Wucheng
2129,面,武川县,150125,武川县,150125,县,呼和浩特市,150100,地级市,内蒙古自治区,150000,自治区, , ,Wuchuan
2130,面,武定县,532329,武定县,532329,县,楚雄彝族自治州,532300,自治州,云南省,530000,省, , ,Wuding
2131,面,武都区,621202,武都区,621202,市辖区,陇南市,621200,地级市,甘肃省,620000,省,武都县,2004年撤销武都县，设立武都区,Wudu
2132,面,武冈市,430581,武冈市,430581,县级市,邵阳市,430500,地级市,湖南省,430000,省, , ,Wugang
2133,面,武功县,610431,武功县,610431,县,咸阳市,610400,地级市,陕西省,610000,省, , ,Wugong
2134,面,武侯区,510107,武侯区,510107,市辖区,成都市,510100,地级市,四川省,510000,省, , ,Wuhou
2135,面,武江区,440203,武江区,440203,市辖区,韶关市,440200,地级市,广东省,440000,省, , ,Wujiang
2136,面,武进区,320412,武进区,320412,市辖区,常州市,320400,地级市,江苏省,320000,省, ,2015年戚墅堰区并入武进区,Wujin
2137,面,武陵区,430702,武陵区,430702,市辖区,常德市,430700,地级市,湖南省,430000,省, , ,Wuling
2138,面,武陵源区,430811,武陵源区,430811,市辖区,张家界市,430800,地级市,湖南省,430000,省, , ,Wulingyuan
2139,面,武隆区,500156,武隆区,500156,市辖区,不统计,0,不统计,重庆市,500000,直辖市,武隆县,2016年撤销武隆县，设立武隆区,Wulong
2140,面,武鸣区,450110,武鸣区,450110,市辖区,南宁市,450100,地级市,广西壮族自治区,450000,自治区,武鸣县,2015年撤销武鸣县，设立武鸣区,Wuming
2141,面,武宁县,360423,武宁县,360423,县,九江市,360400,地级市,江西省,360000,省, , ,Wuning
2142,面,武平县,350824,武平县,350824,县,龙岩市,350800,地级市,福建省,350000,省, , ,Wuping
2143,面,武强县,131123,武强县,131123,县,衡水市,131100,地级市,河北省,130000,省, , ,Wuqiang
2144,面,武清区,120114,武清区,120114,市辖区,不统计,0,不统计,天津市,120000,直辖市,武清县,2000年撤销武清县，设立武清区,Wuqing
2145,面,武山县,620524,武山县,620524,县,天水市,620500,地级市,甘肃省,620000,省, , ,Wushan
2146,面,武胜县,511622,武胜县,511622,县,广安市,511600,地级市,四川省,510000,省, , ,Wusheng
2147,面,武乡县,140429,武乡县,140429,县,长治市,140400,地级市,山西省,140000,省, , ,Wuxiang
2148,面,武宣县,451323,武宣县,451323,县,来宾市,451300,地级市,广西壮族自治区,450000,自治区, , ,Wuxuan
2149,面,武穴市,421182,武穴市,421182,县级市,黄冈市,421100,地级市,湖北省,420000,省, , ,Wuxue
2150,面,武夷山市,350782,武夷山市,350782,县级市,南平市,350700,地级市,福建省,350000,省, , ,Wuyishan
2151,面,武义县,330723,武义县,330723,县,金华市,330700,地级市,浙江省,330000,省, , ,Wuyi
2152,面,武邑县,131122,武邑县,131122,县,衡水市,131100,地级市,河北省,130000,省, , ,Wuyi
2153,面,武陟县,410823,武陟县,410823,县,焦作市,410800,地级市,河南省,410000,省, , ,Wuzhi
2154,面,舞钢市,410481,舞钢市,410481,县级市,平顶山市,410400,地级市,河南省,410000,省, , ,Wugang
2155,面,舞阳县,411121,舞阳县,411121,县,漯河市,411100,地级市,河南省,410000,省, , ,Wuyang
2156,面,务川仡佬族苗族自治县,520326,务川仡佬族苗族自治县,520326,自治县,遵义市,520300,地级市,贵州省,520000,省, , ,Wuchuangelaozumiaozu
2157,面,婺城区,330702,婺城区,330702,市辖区,金华市,330700,地级市,浙江省,330000,省, , ,Wucheng
2158,面,婺源县,361130,婺源县,361130,县,上饶市,361100,地级市,江西省,360000,省, , ,Wuyuan
2159,面,西昌市,513401,西昌市,513401,县级市,凉山彝族自治州,513400,自治州,四川省,510000,省, , ,Xichang
2160,面,西城区,110102,西城区,110102,市辖区,不统计,0,不统计,北京市,110000,直辖市,宣武区(西城区),2010年撤销宣武区，合并到西城区,Xicheng
2161,面,西充县,511325,西充县,511325,县,南充市,511300,地级市,四川省,510000,省, , ,Xichong
2162,面,西畴县,532623,西畴县,532623,县,文山壮族苗族自治州,532600,自治州,云南省,530000,省, , ,Xichou
2163,面,西丰县,211223,西丰县,211223,县,铁岭市,211200,地级市,辽宁省,210000,省, , ,Xifeng
2164,面,西峰区,621002,西峰区,621002,市辖区,庆阳市,621000,地级市,甘肃省,620000,省,西峰市和庆阳县,2002年撤销西峰市和庆阳县，设立西峰区,Xifeng
2165,面,西工区,410303,西工区,410303,市辖区,洛阳市,410300,地级市,河南省,410000,省, , ,Xigong
2166,面,西固区,620104,西固区,620104,市辖区,兰州市,620100,地级市,甘肃省,620000,省, , ,Xigu
2167,面,西和县,621225,西和县,621225,县,陇南市,621200,地级市,甘肃省,620000,省, , ,Xihe
2168,面,西华县,411622,西华县,411622,县,周口市,411600,地级市,河南省,410000,省, , ,Xihua
2169,面,西吉县,640422,西吉县,640422,县,固原市,640400,地级市,宁夏回族自治区,640000,自治区, , ,Xiji
2170,面,西林县,451030,西林县,451030,县,百色市,451000,地级市,广西壮族自治区,450000,自治区, , ,Xilin
2171,面,西陵区,420502,西陵区,420502,市辖区,宜昌市,420500,地级市,湖北省,420000,省, , ,Xiling
2172,面,西盟佤族自治县,530829,西盟佤族自治县,530829,自治县,普洱市,530800,地级市,云南省,530000,省, , ,Ximengwazu
2173,面,西平县,411721,西平县,411721,县,驻马店市,411700,地级市,河南省,410000,省, , ,Xiping
2174,面,西青区,120111,西青区,120111,市辖区,不统计,0,不统计,天津市,120000,直辖市, , ,Xiqing
2175,面,西区,510403,西区,510403,市辖区,攀枝花市,510400,地级市,四川省,510000,省, , ,Xiqu
2176,面,西塞山区,420203,西塞山区,420203,市辖区,黄石市,420200,地级市,湖北省,420000,省,石灰窑区,2001年石灰窑区更名为西塞山区,Xisaishan
2177,面,西山区,530112,西山区,530112,市辖区,昆明市,530100,地级市,云南省,530000,省, , ,Xishan
2178,面,西市区,210803,西市区,210803,市辖区,营口市,210800,地级市,辽宁省,210000,省, , ,Xishi
2179,面,西乌珠穆沁旗,152526,西乌珠穆沁旗,152526,旗,锡林郭勒盟,152500,盟,内蒙古自治区,150000,自治区, , ,Xiwuzhumuqin
2180,面,西峡县,411323,西峡县,411323,县,南阳市,411300,地级市,河南省,410000,省, , ,Xixia
2181,面,西夏区,640105,西夏区,640105,市辖区,银川市,640100,地级市,宁夏回族自治区,640000,自治区,城区,2002年撤销城区，设立西夏区,Xixia
2182,面,西乡塘区,450107,西乡塘区,450107,市辖区,南宁市,450100,地级市,广西壮族自治区,450000,自治区, , ,Xixiangtang
2183,面,西乡县,610724,西乡县,610724,县,汉中市,610700,地级市,陕西省,610000,省, , ,Xixiang
2184,面,西秀区,520402,西秀区,520402,市辖区,安顺市,520400,地级市,贵州省,520000,省, , ,Xixiu
2185,面,昔阳县,140724,昔阳县,140724,县,晋中市,140700,地级市,山西省,140000,省, , ,Xiyang
2186,面,息烽县,520122,息烽县,520122,县,贵阳市,520100,地级市,贵州省,520000,省, , ,Xifeng
2187,面,息县,411528,息县,411528,县,信阳市,411500,地级市,河南省,410000,省, , ,Xixian
2188,面,浠水县,421125,浠水县,421125,县,黄冈市,421100,地级市,湖北省,420000,省, , ,Xishui
2189,面,淅川县,411326,淅川县,411326,县,南阳市,411300,地级市,河南省,410000,省, , ,Xichuan
2190,面,锡林浩特市,152502,锡林浩特市,152502,县级市,锡林郭勒盟,152500,盟,内蒙古自治区,150000,自治区, , ,Xilinhaote
2191,面,锡山区,320205,锡山区,320205,市辖区,无锡市,320200,地级市,江苏省,320000,省,锡山市,2000年拆分锡山市，设立锡山区,Xishan
2192,面,溪湖区,210503,溪湖区,210503,市辖区,本溪市,210500,地级市,辽宁省,210000,省, , ,Xihu
2193,面,习水县,520330,习水县,520330,县,遵义市,520300,地级市,贵州省,520000,省, , ,Xishui
2194,面,隰县,141031,隰县,141031,县,临汾市,141000,地级市,山西省,140000,省, , ,Xixian
2195,面,喜德县,513432,喜德县,513432,县,凉山彝族自治州,513400,自治州,四川省,510000,省, , ,Xide
2196,面,细河区,210911,细河区,210911,市辖区,阜新市,210900,地级市,辽宁省,210000,省, ,2002年新设立细河区,Xihe
2197,面,峡江县,360823,峡江县,360823,县,吉安市,360800,地级市,江西省,360000,省, , ,Xiajiang
2198,面,霞浦县,350921,霞浦县,350921,县,宁德市,350900,地级市,福建省,350000,省, , ,Xiapu
2199,面,霞山区,440803,霞山区,440803,市辖区,湛江市,440800,地级市,广东省,440000,省, , ,Xiashan
2200,面,下花园区,130706,下花园区,130706,市辖区,张家口市,130700,地级市,河北省,130000,省, , ,Xiahuayuan
2201,面,下陆区,420204,下陆区,420204,市辖区,黄石市,420200,地级市,湖北省,420000,省, , ,Xialu
2202,面,夏河县,623027,夏河县,623027,县,甘南藏族自治州,623000,自治州,甘肃省,620000,省, , ,Xiahe
2203,面,夏津县,371427,夏津县,371427,县,德州市,371400,地级市,山东省,370000,省, , ,Xiajin
2204,面,夏县,140828,夏县,140828,县,运城市,140800,地级市,山西省,140000,省, , ,Xiaxian
2205,面,夏邑县,411426,夏邑县,411426,县,商丘市,411400,地级市,河南省,410000,省, , ,Xiayi
2206,面,仙居县,331024,仙居县,331024,县,台州市,331000,地级市,浙江省,330000,省, , ,Xianju
2207,面,仙桃市,429004,仙桃市,429004,县级市,不统计,0,不统计,湖北省,420000,省, ,"省直辖市,省直管,是县级单位",Xiantao
2208,面,仙游县,350322,仙游县,350322,县,莆田市,350300,地级市,福建省,350000,省, , ,Xianyou
2209,面,咸安区,421202,咸安区,421202,市辖区,咸宁市,421200,地级市,湖北省,420000,省, , ,Xianan
2210,面,咸丰县,422826,咸丰县,422826,县,恩施土家族苗族自治州,422800,自治州,湖北省,420000,省, , ,Xianfeng
2211,面,献县,130929,献县,130929,县,沧州市,130900,地级市,河北省,130000,省, , ,Xianxian
2212,面,乡城县,513336,乡城县,513336,县,甘孜藏族自治州,513300,自治州,四川省,510000,省, , ,Xiangcheng
2213,面,乡宁县,141029,乡宁县,141029,县,临汾市,141000,地级市,山西省,140000,省, , ,Xiangning
2214,面,芗城区,350602,芗城区,350602,市辖区,漳州市,350600,地级市,福建省,350000,省, , ,Xiangcheng
2215,面,相城区,320507,相城区,320507,市辖区,苏州市,320500,地级市,江苏省,320000,省,吴县市,2000年撤销吴县市，设立吴中区和相城区,Xiangcheng
2216,面,相山区,340603,相山区,340603,市辖区,淮北市,340600,地级市,安徽省,340000,省, , ,Xiangshan
2217,面,香坊区,230110,香坊区,230110,市辖区,哈尔滨市,230100,地级市,黑龙江省,230000,省, , ,Xiangfang
2218,面,香港特别行政区,810000,不统计,0,不统计,不统计,0,不统计,香港特别行政区,810000,特别行政区, , ,HongKong
2219,面,香格里拉市,533401,香格里拉市,533401,县级市,迪庆藏族自治州,533400,自治州,云南省,530000,省,香格里拉县,2014年撤销香格里拉县，设立香格里拉市,Xianggelila
2220,面,香河县,131024,香河县,131024,县,廊坊市,131000,地级市,河北省,130000,省, , ,Xianghe
2221,面,香洲区,440402,香洲区,440402,市辖区,珠海市,440400,地级市,广东省,440000,省, , ,Xiangzhou
2222,面,湘东区,360313,湘东区,360313,市辖区,萍乡市,360300,地级市,江西省,360000,省, , ,Xiangdong
2223,面,湘桥区,445102,湘桥区,445102,市辖区,潮州市,445100,地级市,广东省,440000,省, , ,Xiangqiao
2224,面,湘潭县,430321,湘潭县,430321,县,湘潭市,430300,地级市,湖南省,430000,省, , ,Xiangtan
2225,面,湘乡市,430381,湘乡市,430381,县级市,湘潭市,430300,地级市,湖南省,430000,省, , ,Xiangxiang
2226,面,湘阴县,430624,湘阴县,430624,县,岳阳市,430600,地级市,湖南省,430000,省, , ,Xiangyin
2227,面,襄城区,420602,襄城区,420602,市辖区,襄阳市,420600,地级市,湖北省,420000,省, , ,Xiangcheng
2228,面,襄城县,411025,襄城县,411025,县,许昌市,411000,地级市,河南省,410000,省, , ,Xiangcheng
2229,面,襄汾县,141023,襄汾县,141023,县,临汾市,141000,地级市,山西省,140000,省, , ,Xiangfen
2230,面,襄垣县,140423,襄垣县,140423,县,长治市,140400,地级市,山西省,140000,省, , ,Xiangyuan
2231,面,襄州区,420607,襄州区,420607,市辖区,襄阳市,420600,地级市,湖北省,420000,省,襄阳区,2010年襄阳区更名为襄州区,Xiangzhou
2232,面,镶黄旗,152528,镶黄旗,152528,旗,锡林郭勒盟,152500,盟,内蒙古自治区,150000,自治区, , ,Xianghuang
2233,面,祥符区,410212,祥符区,410212,市辖区,开封市,410200,地级市,河南省,410000,省,开封县,2014年撤销开封县，设立祥符区,Xiangfu
2234,面,祥云县,532923,祥云县,532923,县,大理白族自治州,532900,自治州,云南省,530000,省, , ,Xiangyun
2235,面,翔安区,350213,翔安区,350213,市辖区,厦门市,350200,地级市,福建省,350000,省, ,2003年新设立翔安区,Xiangan
2236,面,响水县,320921,响水县,320921,县,盐城市,320900,地级市,江苏省,320000,省, , ,Xiangshui
2237,面,项城市,411681,项城市,411681,县级市,周口市,411600,地级市,河南省,410000,省, , ,Xiangcheng
2238,面,象山区,450304,象山区,450304,市辖区,桂林市,450300,地级市,广西壮族自治区,450000,自治区, , ,Xiangshan
2239,面,象山县,330225,象山县,330225,县,宁波市,330200,地级市,浙江省,330000,省, , ,Xiangshan
2240,面,象州县,451322,象州县,451322,县,来宾市,451300,地级市,广西壮族自治区,450000,自治区, , ,Xiangzhou
2241,面,萧山区,330109,萧山区,330109,市辖区,杭州市,330100,地级市,浙江省,330000,省,萧山市,2001年撤销萧山市，设立萧山区,Xiaoshan
2242,面,萧县,341322,萧县,341322,县,宿州市,341300,地级市,安徽省,340000,省, , ,Xiaoxian
2243,面,猇亭区,420505,猇亭区,420505,市辖区,宜昌市,420500,地级市,湖北省,420000,省, , ,Xiaoting
2244,面,小店区,140105,小店区,140105,市辖区,太原市,140100,地级市,山西省,140000,省, , ,Xiaodian
2245,面,小金县,513227,小金县,513227,县,阿坝藏族羌族自治州,513200,自治州,四川省,510000,省, , ,Xiaojin
2246,面,孝昌县,420921,孝昌县,420921,县,孝感市,420900,地级市,湖北省,420000,省, , ,Xiaochang
2247,面,孝南区,420902,孝南区,420902,市辖区,孝感市,420900,地级市,湖北省,420000,省, , ,Xiaonan
2248,面,孝义市,141181,孝义市,141181,县级市,吕梁市,141100,地级市,山西省,140000,省, , ,Xiaoyi
2249,面,谢家集区,340404,谢家集区,340404,市辖区,淮南市,340400,地级市,安徽省,340000,省, ,2003年新设立谢家集区,Xiejiaji
2250,面,谢通门县,540227,谢通门县,540227,县,日喀则市,540200,地级市,西藏自治区,540000,自治区, , ,Xietongmen
2251,面,辛集市,130181,辛集市,130181,县级市,石家庄市,130100,地级市,河北省,130000,省, , ,Xinji
2252,面,忻城县,451321,忻城县,451321,县,来宾市,451300,地级市,广西壮族自治区,450000,自治区, , ,Xincheng
2253,面,忻府区,140902,忻府区,140902,市辖区,忻州市,140900,地级市,山西省,140000,省, , ,Xinfu
2254,面,新安县,410323,新安县,410323,县,洛阳市,410300,地级市,河南省,410000,省, , ,Xinan
2255,面,新巴尔虎右旗,150727,新巴尔虎右旗,150727,旗,呼伦贝尔市,150700,地级市,内蒙古自治区,150000,自治区, , ,Xinbaerhuyou
2256,面,新巴尔虎左旗,150726,新巴尔虎左旗,150726,旗,呼伦贝尔市,150700,地级市,内蒙古自治区,150000,自治区, , ,Xinbaerhuzuo
2257,面,新北区,320411,新北区,320411,市辖区,常州市,320400,地级市,江苏省,320000,省,郊区,2002年郊区更名为新北区,Xinbei
2258,面,新宾满族自治县,210422,新宾满族自治县,210422,自治县,抚顺市,210400,地级市,辽宁省,210000,省, , ,Xinbinmanzu
2259,面,新蔡县,411729,新蔡县,411729,县,驻马店市,411700,地级市,河南省,410000,省, , ,Xincai
2260,面,新昌县,330624,新昌县,330624,县,绍兴市,330600,地级市,浙江省,330000,省, , ,Xinchang
2261,面,新都区,510114,新都区,510114,市辖区,成都市,510100,地级市,四川省,510000,省,新都县,2001年撤销新都县，设立新都区,Xindu
2262,面,新丰县,440233,新丰县,440233,县,韶关市,440200,地级市,广东省,440000,省, , ,Xinfeng
2263,面,新抚区,210402,新抚区,210402,市辖区,抚顺市,210400,地级市,辽宁省,210000,省, , ,Xinfu
2264,面,新干县,360824,新干县,360824,县,吉安市,360800,地级市,江西省,360000,省, , ,Xingan
2265,面,新和县,652925,新和县,652925,县,阿克苏地区,652900,地区,新疆维吾尔自治区,650000,自治区, , ,Xinhe
2266,面,新河县,130530,新河县,130530,县,邢台市,130500,地级市,河北省,130000,省, , ,Xinhe
2267,面,新化县,431322,新化县,431322,县,娄底市,431300,地级市,湖南省,430000,省, , ,Xinhua
2268,面,新晃侗族自治县,431227,新晃侗族自治县,431227,自治县,怀化市,431200,地级市,湖南省,430000,省, , ,Xinhuangdongzu
2269,面,新会区,440705,新会区,440705,市辖区,江门市,440700,地级市,广东省,440000,省,新会市,2002年撤销新会市，设立新会区,Xinhui
2270,面,新绛县,140825,新绛县,140825,县,运城市,140800,地级市,山西省,140000,省, , ,Xinjiang
2271,面,新津区,510118,新津区,510118,市辖区,成都市,510100,地级市,四川省,510000,省,新津县,2020年撤销新津县，设立新津区,Xinjin
2272,面,新乐市,130184,新乐市,130184,县级市,石家庄市,130100,地级市,河北省,130000,省, , ,Xinle
2273,面,新龙县,513329,新龙县,513329,县,甘孜藏族自治州,513300,自治州,四川省,510000,省, , ,Xinlong
2274,面,新罗区,350802,新罗区,350802,市辖区,龙岩市,350800,地级市,福建省,350000,省, , ,Xinluo
2275,面,新密市,410183,新密市,410183,县级市,郑州市,410100,地级市,河南省,410000,省, , ,Xinmi
2276,面,新民市,210181,新民市,210181,县级市,沈阳市,210100,地级市,辽宁省,210000,省, , ,Xinmin
2277,面,新宁县,430528,新宁县,430528,县,邵阳市,430500,地级市,湖南省,430000,省, , ,Xinning
2278,面,新平彝族傣族自治县,530427,新平彝族傣族自治县,530427,自治县,玉溪市,530400,地级市,云南省,530000,省, , ,Xinpingyizuanddaizu
2279,面,新邱区,210903,新邱区,210903,市辖区,阜新市,210900,地级市,辽宁省,210000,省, ,2002年新设立新邱区,Xinqiu
2280,面,新邵县,430522,新邵县,430522,县,邵阳市,430500,地级市,湖南省,430000,省, , ,Xinshao
2281,面,新市区,650104,新市区,650104,市辖区,乌鲁木齐市,650100,地级市,新疆维吾尔自治区,650000,自治区, ,2001年新设立新市区,Xinshi
2282,面,新泰市,370982,新泰市,370982,县级市,泰安市,370900,地级市,山东省,370000,省, , ,Xintai
2283,面,新田县,431128,新田县,431128,县,永州市,431100,地级市,湖南省,430000,省, , ,Xintian
2284,面,新吴区,320214,新吴区,320214,市辖区,无锡市,320200,地级市,江苏省,320000,省, ,2015年新设新吴区,Xinwu
2285,面,新县,411523,新县,411523,县,信阳市,411500,地级市,河南省,410000,省, , ,Xinxian
2286,面,新乡县,410721,新乡县,410721,县,新乡市,410700,地级市,河南省,410000,省, , ,Xinxiang
2287,面,新兴区,230902,新兴区,230902,市辖区,七台河市,230900,地级市,黑龙江省,230000,省, , ,Xinxing
2288,面,新兴县,445321,新兴县,445321,县,云浮市,445300,地级市,广东省,440000,省, , ,Xinxing
2289,面,新野县,411329,新野县,411329,县,南阳市,411300,地级市,河南省,410000,省, , ,Xinye
2290,面,新沂市,320381,新沂市,320381,县级市,徐州市,320300,地级市,江苏省,320000,省, , ,Xinyi
2291,面,新源县,654025,新源县,654025,县,伊犁哈萨克自治州,654000,自治州,新疆维吾尔自治区,650000,自治区, , ,Xinyuan
2292,面,新郑市,410184,新郑市,410184,县级市,郑州市,410100,地级市,河南省,410000,省, , ,Xinzheng
2293,面,新洲区,420117,新洲区,420117,市辖区,武汉市,420100,地级市,湖北省,420000,省, , ,Xinzhou
2294,面,信丰县,360722,信丰县,360722,县,赣州市,360700,地级市,江西省,360000,省, , ,Xinfeng
2295,面,信宜市,440983,信宜市,440983,县级市,茂名市,440900,地级市,广东省,440000,省, , ,Xinyi
2296,面,信州区,361102,信州区,361102,市辖区,上饶市,361100,地级市,江西省,360000,省, , ,Xinzhou
2297,面,行唐县,130125,行唐县,130125,县,石家庄市,130100,地级市,河北省,130000,省, , ,Xingtang
2298,面,荥经县,511822,荥经县,511822,县,雅安市,511800,地级市,四川省,510000,省, , ,Yingjing
2299,面,荥阳市,410182,荥阳市,410182,县级市,郑州市,410100,地级市,河南省,410000,省, , ,Xingyang
2300,面,兴安县,450325,兴安县,450325,县,桂林市,450300,地级市,广西壮族自治区,450000,自治区, , ,Xingan
2301,面,兴宾区,451302,兴宾区,451302,市辖区,来宾市,451300,地级市,广西壮族自治区,450000,自治区, , ,Xingbin
2302,面,兴城市,211481,兴城市,211481,县级市,葫芦岛市,211400,地级市,辽宁省,210000,省, , ,Xingcheng
2303,面,兴国县,360732,兴国县,360732,县,赣州市,360700,地级市,江西省,360000,省, , ,Xingguo
2304,面,兴海县,632524,兴海县,632524,县,海南藏族自治州,632500,自治州,青海省,630000,省, , ,Xinghai
2305,面,兴和县,150924,兴和县,150924,县,乌兰察布市,150900,地级市,内蒙古自治区,150000,自治区, , ,Xinghe
2306,面,兴化市,321281,兴化市,321281,县级市,泰州市,321200,地级市,江苏省,320000,省, , ,Xinghua
2307,面,兴隆台区,211103,兴隆台区,211103,市辖区,盘锦市,211100,地级市,辽宁省,210000,省, , ,Xinglongtai
2308,面,兴隆县,130822,兴隆县,130822,县,承德市,130800,地级市,河北省,130000,省, , ,Xinglong
2309,面,兴宁区,450102,兴宁区,450102,市辖区,南宁市,450100,地级市,广西壮族自治区,450000,自治区, , ,Xingning
2310,面,兴宁市,441481,兴宁市,441481,县级市,梅州市,441400,地级市,广东省,440000,省, , ,Xingning
2311,面,兴平市,610481,兴平市,610481,县级市,咸阳市,610400,地级市,陕西省,610000,省, , ,Xingping
2312,面,兴庆区,640104,兴庆区,640104,市辖区,银川市,640100,地级市,宁夏回族自治区,640000,自治区,郊区,2002年撤销郊区，设立兴庆区,Xingqing
2313,面,兴仁市,522302,兴仁市,522302,县级市,黔西南布依族苗族自治州,522300,自治州,贵州省,520000,省,兴仁县,2018年撤销兴仁县，设立兴仁市,Xingren
2314,面,兴山县,420526,兴山县,420526,县,宜昌市,420500,地级市,湖北省,420000,省, , ,Xingshan
2315,面,兴文县,511528,兴文县,511528,县,宜宾市,511500,地级市,四川省,510000,省, , ,Xingwen
2316,面,兴县,141123,兴县,141123,县,吕梁市,141100,地级市,山西省,140000,省, , ,Xingxian
2317,面,兴业县,450924,兴业县,450924,县,玉林市,450900,地级市,广西壮族自治区,450000,自治区, , ,Xingye
2318,面,兴义市,522301,兴义市,522301,县级市,黔西南布依族苗族自治州,522300,自治州,贵州省,520000,省,兴仁县, ,Xingyi
2319,面,杏花岭区,140107,杏花岭区,140107,市辖区,太原市,140100,地级市,山西省,140000,省, , ,Xinghualing
2320,面,雄县,130638,雄县,130638,县,保定市,130600,地级市,河北省,130000,省, , ,Xiongxian
2321,面,休宁县,341022,休宁县,341022,县,黄山市,341000,地级市,安徽省,340000,省, , ,Xiuning
2322,面,修水县,360424,修水县,360424,县,九江市,360400,地级市,江西省,360000,省, , ,Xiushui
2323,面,修文县,520123,修文县,520123,县,贵阳市,520100,地级市,贵州省,520000,省, , ,Xiuwen
2324,面,修武县,410821,修武县,410821,县,焦作市,410800,地级市,河南省,410000,省, , ,Xiuwu
2325,面,秀峰区,450302,秀峰区,450302,市辖区,桂林市,450300,地级市,广西壮族自治区,450000,自治区, , ,Xiufeng
2326,面,秀山土家族苗族自治县,500241,秀山土家族苗族自治县,500241,自治县,不统计,0,不统计,重庆市,500000,直辖市, , ,Xiushantujiazuandmiaozu
2327,面,秀英区,460105,秀英区,460105,市辖区,海口市,460100,地级市,海南省,460000,省, ,2002年新设立秀英区,Xiuying
2328,面,秀屿区,350305,秀屿区,350305,市辖区,莆田市,350300,地级市,福建省,350000,省, ,2002年新设立秀屿区,Xiuyu
2329,面,秀洲区,330411,秀洲区,330411,市辖区,嘉兴市,330400,地级市,浙江省,330000,省, , ,Xiuzhou
2330,面,岫岩满族自治县,210323,岫岩满族自治县,210323,自治县,鞍山市,210300,地级市,辽宁省,210000,省, , ,Xiuyanmanzu
2331,面,盱眙县,320830,盱眙县,320830,县,淮安市,320800,地级市,江苏省,320000,省, , ,Xuyi
2332,面,徐汇区,310104,徐汇区,310104,市辖区,不统计,0,不统计,上海市,310000,直辖市, , ,Xuhui
2333,面,徐水区,130609,徐水区,130609,市辖区,保定市,130600,地级市,河北省,130000,省,徐水县,2015年撤销徐水县，设立徐水区,Xushui
2334,面,徐闻县,440825,徐闻县,440825,县,湛江市,440800,地级市,广东省,440000,省, , ,Xuwen
2335,面,叙永县,510524,叙永县,510524,县,泸州市,510500,地级市,四川省,510000,省, , ,Xuyong
2336,面,叙州区,511504,叙州区,511504,市辖区,宜宾市,511500,地级市,四川省,510000,省,宜宾县,2018年撤销宜宾县，设立叙州区,Xuzhou
2337,面,溆浦县,431224,溆浦县,431224,县,怀化市,431200,地级市,湖南省,430000,省, , ,Xupu
2338,面,宣恩县,422825,宣恩县,422825,县,恩施土家族苗族自治州,422800,自治州,湖北省,420000,省, , ,Xuanen
2339,面,宣汉县,511722,宣汉县,511722,县,达州市,511700,地级市,四川省,510000,省, , ,Xuanhan
2340,面,宣化区,130705,宣化区,130705,市辖区,张家口市,130700,地级市,河北省,130000,省, ,2016年撤销宣化区、宣化县，设立新的宣化区,Xuanhua
2341,面,宣威市,530381,宣威市,530381,县级市,曲靖市,530300,地级市,云南省,530000,省, , ,Xuanwei
2342,面,宣州区,341802,宣州区,341802,市辖区,宣城市,341800,地级市,安徽省,340000,省,宣州市,2000年撤销宣州市，设立宣州区,Xuanzhou
2343,面,玄武区,320102,玄武区,320102,市辖区,南京市,320100,地级市,江苏省,320000,省, , ,Xuanwu
2344,面,薛城区,370403,薛城区,370403,市辖区,枣庄市,370400,地级市,山东省,370000,省, , ,Xuecheng
2345,面,旬阳市,610981,旬阳市,610981,县级市,安康市,610900,地级市,陕西省,610000,省,旬阳县,2021年撤销旬阳县，设立旬阳市,Xunyang
2346,面,旬邑县,610429,旬邑县,610429,县,咸阳市,610400,地级市,陕西省,610000,省, , ,Xunyi
2347,面,寻甸回族彝族自治县,530129,寻甸回族彝族自治县,530129,自治县,昆明市,530100,地级市,云南省,530000,省, , ,Xundianhuizuandyizu
2348,面,寻乌县,360734,寻乌县,360734,县,赣州市,360700,地级市,江西省,360000,省, , ,Xunwu
2349,面,浔阳区,360403,浔阳区,360403,市辖区,九江市,360400,地级市,江西省,360000,省, , ,Xunyang
2350,面,循化撒拉族自治县,630225,循化撒拉族自治县,630225,自治县,海东市,630200,地级市,青海省,630000,省, , ,Xunhuasalazu
2351,面,逊克县,231123,逊克县,231123,县,黑河市,231100,地级市,黑龙江省,230000,省, , ,Xunke
2352,面,牙克石市,150782,牙克石市,150782,县级市,呼伦贝尔市,150700,地级市,内蒙古自治区,150000,自治区, , ,Yakeshi
2353,面,崖州区,460205,崖州区,460205,市辖区,三亚市,460200,地级市,海南省,460000,省,崖城镇,2014年撤销崖城镇，新设崖州区,Yazhou
2354,面,雅江县,513325,雅江县,513325,县,甘孜藏族自治州,513300,自治州,四川省,510000,省, , ,Yajiang
2355,面,亚东县,540233,亚东县,540233,县,日喀则市,540200,地级市,西藏自治区,540000,自治区, , ,Yadong
2356,面,焉耆回族自治县,652826,焉耆回族自治县,652826,自治县,巴音郭楞蒙古自治州,652800,自治州,新疆维吾尔自治区,650000,自治区, , ,Yanqihuizu
2357,面,鄢陵县,411024,鄢陵县,411024,县,许昌市,411000,地级市,河南省,410000,省, , ,Yanling
2358,面,延川县,610622,延川县,610622,县,延安市,610600,地级市,陕西省,610000,省, , ,Yanchuan
2359,面,延吉市,222401,延吉市,222401,县级市,延边朝鲜族自治州,222400,自治州,吉林省,220000,省, , ,Yanji
2360,面,延津县,410726,延津县,410726,县,新乡市,410700,地级市,河南省,410000,省, , ,Yanjin
2361,面,延平区,350702,延平区,350702,市辖区,南平市,350700,地级市,福建省,350000,省, , ,Yanping
2362,面,延庆区,110119,延庆区,110119,市辖区,不统计,0,不统计,北京市,110000,直辖市,延庆县,2015年撤销延庆县，设立延庆区,Yanqing
2363,面,延寿县,230129,延寿县,230129,县,哈尔滨市,230100,地级市,黑龙江省,230000,省, , ,Yanshou
2364,面,延长县,610621,延长县,610621,县,延安市,610600,地级市,陕西省,610000,省, , ,Yanchang
2365,面,炎陵县,430225,炎陵县,430225,县,株洲市,430200,地级市,湖南省,430000,省, , ,Yanling
2366,面,沿河土家族自治县,520627,沿河土家族自治县,520627,自治县,铜仁市,520600,地级市,贵州省,520000,省, , ,Yanhetujiazu
2367,面,沿滩区,510311,沿滩区,510311,市辖区,自贡市,510300,地级市,四川省,510000,省, ,2005年新设立沿滩区,Yantan
2368,面,盐边县,510422,盐边县,510422,县,攀枝花市,510400,地级市,四川省,510000,省, , ,Yanbian
2369,面,盐池县,640323,盐池县,640323,县,吴忠市,640300,地级市,宁夏回族自治区,640000,自治区, , ,Yanchi
2370,面,盐都区,320903,盐都区,320903,市辖区,盐城市,320900,地级市,江苏省,320000,省,盐都县,2003年撤销盐都县，设立盐都区,Yandu
2371,面,盐湖区,140802,盐湖区,140802,市辖区,运城市,140800,地级市,山西省,140000,省, , ,Yanhu
2372,面,盐津县,530623,盐津县,530623,县,昭通市,530600,地级市,云南省,530000,省, , ,Yanjin
2373,面,盐山县,130925,盐山县,130925,县,沧州市,130900,地级市,河北省,130000,省, , ,Yanshan
2374,面,盐田区,440308,盐田区,440308,市辖区,深圳市,440300,地级市,广东省,440000,省, , ,Yantian
2375,面,盐亭县,510723,盐亭县,510723,县,绵阳市,510700,地级市,四川省,510000,省, , ,Yanting
2376,面,盐源县,513423,盐源县,513423,县,凉山彝族自治州,513400,自治州,四川省,510000,省, , ,Yanyuan
2377,面,阎良区,610114,阎良区,610114,市辖区,西安市,610100,地级市,陕西省,610000,省, , ,Yanliang
2378,面,兖州区,370812,兖州区,370812,市辖区,济宁市,370800,地级市,山东省,370000,省,兖州市,2013年撤销兖州市，设立兖州区,Yanzhou
2379,面,郾城区,411103,郾城区,411103,市辖区,漯河市,411100,地级市,河南省,410000,省, , ,Yancheng
2380,面,偃师区,410307,偃师区,410307,市辖区,洛阳市,410300,地级市,河南省,410000,省,偃师市,2021年撤销偃师市，设立偃师区,Yanshi
2381,面,砚山县,532622,砚山县,532622,县,文山壮族苗族自治州,532600,自治州,云南省,530000,省, , ,Yanshan
2382,面,雁峰区,430406,雁峰区,430406,市辖区,衡阳市,430400,地级市,湖南省,430000,省, ,2001年新设立雁峰区,Yanfeng
2383,面,雁江区,512002,雁江区,512002,市辖区,资阳市,512000,地级市,四川省,510000,省, , ,Yanjiang
2384,面,雁山区,450311,雁山区,450311,市辖区,桂林市,450300,地级市,广西壮族自治区,450000,自治区, , ,Yanshan
2385,面,雁塔区,610113,雁塔区,610113,市辖区,西安市,610100,地级市,陕西省,610000,省, , ,Yanta
2386,面,扬中市,321182,扬中市,321182,县级市,镇江市,321100,地级市,江苏省,320000,省, , ,Yangzhong
2387,面,阳城县,140522,阳城县,140522,县,晋城市,140500,地级市,山西省,140000,省, , ,Yangcheng
2388,面,阳春市,441781,阳春市,441781,县级市,阳江市,441700,地级市,广东省,440000,省, , ,Yangchun
2389,面,阳东区,441704,阳东区,441704,市辖区,阳江市,441700,地级市,广东省,440000,省,阳东县,2014年撤销阳东县，设立阳东区,Yangdong
2390,面,阳高县,140221,阳高县,140221,县,大同市,140200,地级市,山西省,140000,省, , ,Yanggao
2391,面,阳谷县,371521,阳谷县,371521,县,聊城市,371500,地级市,山东省,370000,省, , ,Yanggu
2392,面,阳明区,231003,阳明区,231003,市辖区,牡丹江市,231000,地级市,黑龙江省,230000,省, , ,Yangming
2393,面,阳曲县,140122,阳曲县,140122,县,太原市,140100,地级市,山西省,140000,省, , ,Yangqu
2394,面,阳山县,441823,阳山县,441823,县,清远市,441800,地级市,广东省,440000,省, , ,Yangshan
2395,面,阳朔县,450321,阳朔县,450321,县,桂林市,450300,地级市,广西壮族自治区,450000,自治区, , ,Yangshuo
2396,面,阳西县,441721,阳西县,441721,县,阳江市,441700,地级市,广东省,440000,省, , ,Yangxi
2397,面,阳新县,420222,阳新县,420222,县,黄石市,420200,地级市,湖北省,420000,省, , ,Yangxin
2398,面,阳信县,371622,阳信县,371622,县,滨州市,371600,地级市,山东省,370000,省, , ,Yangxin
2399,面,阳原县,130727,阳原县,130727,县,张家口市,130700,地级市,河北省,130000,省, , ,Yangyuan
2400,面,杨陵区,610403,杨陵区,610403,市辖区,咸阳市,610400,地级市,陕西省,610000,省, , ,Yangling
2401,面,杨浦区,310110,杨浦区,310110,市辖区,不统计,0,不统计,上海市,310000,直辖市, , ,Yangpu
2402,面,洋县,610723,洋县,610723,县,汉中市,610700,地级市,陕西省,610000,省, , ,Yangxian
2403,面,漾濞彝族自治县,532922,漾濞彝族自治县,532922,自治县,大理白族自治州,532900,自治州,云南省,530000,省, , ,Yangbiyizu
2404,面,尧都区,141002,尧都区,141002,市辖区,临汾市,141000,地级市,山西省,140000,省, , ,Yaodu
2405,面,姚安县,532325,姚安县,532325,县,楚雄彝族自治州,532300,自治州,云南省,530000,省, , ,Yaoan
2406,面,瑶海区,340102,瑶海区,340102,市辖区,合肥市,340100,地级市,安徽省,340000,省,东市区,2002年东市区更名为瑶海区,Yaohai
2407,面,耀州区,610204,耀州区,610204,市辖区,铜川市,610200,地级市,陕西省,610000,省,耀县,2002年撤销耀县，设立耀州区,Yaozhou
2408,面,叶城县,653126,叶城县,653126,县,喀什地区,653100,地区,新疆维吾尔自治区,650000,自治区, , ,Yecheng
2409,面,叶县,410422,叶县,410422,县,平顶山市,410400,地级市,河南省,410000,省, , ,Yexian
2410,面,伊川县,410329,伊川县,410329,县,洛阳市,410300,地级市,河南省,410000,省, , ,Yichuan
2411,面,伊金霍洛旗,150627,伊金霍洛旗,150627,旗,鄂尔多斯市,150600,地级市,内蒙古自治区,150000,自治区, , ,Yijinhuoluo
2412,面,伊宁市,654002,伊宁市,654002,县级市,伊犁哈萨克自治州,654000,自治州,新疆维吾尔自治区,650000,自治区, , ,Yining
2413,面,伊宁县,654021,伊宁县,654021,县,伊犁哈萨克自治州,654000,自治州,新疆维吾尔自治区,650000,自治区, , ,Yining
2414,面,伊通满族自治县,220323,伊通满族自治县,220323,自治县,四平市,220300,地级市,吉林省,220000,省, , ,Yitongmanzu
2415,面,伊吾县,650522,伊吾县,650522,县,哈密市,650500,地级市,新疆维吾尔自治区,650000,自治区, , ,Yiwu
2416,面,伊州区,650502,伊州区,650502,市辖区,哈密市,650500,地级市,新疆维吾尔自治区,650000,自治区,哈密市,2016年撤销哈密市，设立伊州区,Yizhou
2417,面,依安县,230223,依安县,230223,县,齐齐哈尔市,230200,地级市,黑龙江省,230000,省, , ,Yian
2418,面,依兰县,230123,依兰县,230123,县,哈尔滨市,230100,地级市,黑龙江省,230000,省, , ,Yilan
2419,面,黟县,341023,黟县,341023,县,黄山市,341000,地级市,安徽省,340000,省, , ,Yixian
2420,面,仪陇县,511324,仪陇县,511324,县,南充市,511300,地级市,四川省,510000,省, , ,Yilong
2421,面,仪征市,321081,仪征市,321081,县级市,扬州市,321000,地级市,江苏省,320000,省, , ,Yizheng
2422,面,夷陵区,420506,夷陵区,420506,市辖区,宜昌市,420500,地级市,湖北省,420000,省,宜昌县,2001年撤销宜昌县，设立夷陵区,Yiling
2423,面,沂南县,371321,沂南县,371321,县,临沂市,371300,地级市,山东省,370000,省, , ,Yinan
2424,面,沂水县,371323,沂水县,371323,县,临沂市,371300,地级市,山东省,370000,省, , ,Yishui
2425,面,沂源县,370323,沂源县,370323,县,淄博市,370300,地级市,山东省,370000,省, , ,Yiyuan
2426,面,宜城市,420684,宜城市,420684,县级市,襄阳市,420600,地级市,湖北省,420000,省, , ,Yicheng
2427,面,宜川县,610630,宜川县,610630,县,延安市,610600,地级市,陕西省,610000,省, , ,Yichuan
2428,面,宜都市,420581,宜都市,420581,县级市,宜昌市,420500,地级市,湖北省,420000,省, , ,Yidu
2429,面,宜丰县,360924,宜丰县,360924,县,宜春市,360900,地级市,江西省,360000,省, , ,Yifeng
2430,面,宜黄县,361026,宜黄县,361026,县,抚州市,361000,地级市,江西省,360000,省, , ,Yihuang
2431,面,宜君县,610222,宜君县,610222,县,铜川市,610200,地级市,陕西省,610000,省, , ,Yijun
2432,面,宜良县,530125,宜良县,530125,县,昆明市,530100,地级市,云南省,530000,省, , ,Yiliang
2433,面,宜兴市,320282,宜兴市,320282,县级市,无锡市,320200,地级市,江苏省,320000,省, , ,Yixing
2434,面,宜秀区,340811,宜秀区,340811,市辖区,安庆市,340800,地级市,安徽省,340000,省,郊区,2005年郊区更名为宜秀区,Yixiu
2435,面,宜阳县,410327,宜阳县,410327,县,洛阳市,410300,地级市,河南省,410000,省, , ,Yiyang
2436,面,宜章县,431022,宜章县,431022,县,郴州市,431000,地级市,湖南省,430000,省, , ,Yizhang
2437,面,宜州区,451203,宜州区,451203,市辖区,河池市,451200,地级市,广西壮族自治区,450000,自治区,宜州市,2016年撤销宜州市，设立宜州区,Yizhou
2438,面,彝良县,530628,彝良县,530628,县,昭通市,530600,地级市,云南省,530000,省, , ,Yiliang
2439,面,弋江区,340209,弋江区,340209,市辖区,芜湖市,340200,地级市,安徽省,340000,省, ,2020年撤销三山区、弋江区，设立新的弋江区,Yijiang
2440,面,弋阳县,361126,弋阳县,361126,县,上饶市,361100,地级市,江西省,360000,省, , ,Yiyang
2441,面,义安区,340706,义安区,340706,市辖区,铜陵市,340700,地级市,安徽省,340000,省,铜陵县,2015年撤销铜陵县，设立义安区,Yian
2442,面,义马市,411281,义马市,411281,县级市,三门峡市,411200,地级市,河南省,410000,省, , ,Yima
2443,面,义乌市,330782,义乌市,330782,县级市,金华市,330700,地级市,浙江省,330000,省, , ,Yiwu
2444,面,义县,210727,义县,210727,县,锦州市,210700,地级市,辽宁省,210000,省, , ,Yixian
2445,面,易门县,530425,易门县,530425,县,玉溪市,530400,地级市,云南省,530000,省, , ,Yimen
2446,面,易县,130633,易县,130633,县,保定市,130600,地级市,河北省,130000,省, , ,Yixian
2447,面,峄城区,370404,峄城区,370404,市辖区,枣庄市,370400,地级市,山东省,370000,省, , ,Yicheng
2448,面,驿城区,411702,驿城区,411702,市辖区,驻马店市,411700,地级市,河南省,410000,省, ,2001年新设立驿城区,Yicheng
2449,面,翼城县,141022,翼城县,141022,县,临汾市,141000,地级市,山西省,140000,省, , ,Yicheng
2450,面,殷都区,410505,殷都区,410505,市辖区,安阳市,410500,地级市,河南省,410000,省,铁西区,2002年撤销铁西区，设立殷都区,Yindu
2451,面,银海区,450503,银海区,450503,市辖区,北海市,450500,地级市,广西壮族自治区,450000,自治区, , ,Yinhai
2452,面,银州区,211202,银州区,211202,市辖区,铁岭市,211200,地级市,辽宁省,210000,省, , ,Yinzhou
2453,面,鄞州区,330212,鄞州区,330212,市辖区,宁波市,330200,地级市,浙江省,330000,省, ,2016年撤销江东区并入鄞州区,Yinzhou
2454,面,印江土家族苗族自治县,520625,印江土家族苗族自治县,520625,自治县,铜仁市,520600,地级市,贵州省,520000,省, , ,Yinjiangtujiazuandmiaozu
2455,面,印台区,610203,印台区,610203,市辖区,铜川市,610200,地级市,陕西省,610000,省,郊区,2000年撤销郊区，设立印台区,Yintai
2456,面,应城市,420981,应城市,420981,县级市,孝感市,420900,地级市,湖北省,420000,省, , ,Yingcheng
2457,面,应县,140622,应县,140622,县,朔州市,140600,地级市,山西省,140000,省, , ,Yingxian
2458,面,英德市,441881,英德市,441881,县级市,清远市,441800,地级市,广东省,440000,省, , ,Yingde
2459,面,英吉沙县,653123,英吉沙县,653123,县,喀什地区,653100,地区,新疆维吾尔自治区,650000,自治区, , ,Yingjisha
2460,面,英山县,421124,英山县,421124,县,黄冈市,421100,地级市,湖北省,420000,省, , ,Yingshan
2461,面,鹰手营子矿区,130804,鹰手营子矿区,130804,市辖区,承德市,130800,地级市,河北省,130000,省, , ,Yingshouyingzikuang
2462,面,迎江区,340802,迎江区,340802,市辖区,安庆市,340800,地级市,安徽省,340000,省, , ,Yingjiang
2463,面,迎泽区,140106,迎泽区,140106,市辖区,太原市,140100,地级市,山西省,140000,省, , ,Yingze
2464,面,盈江县,533123,盈江县,533123,县,德宏傣族景颇族自治州,533100,自治州,云南省,530000,省, , ,Yingjiang
2465,面,营山县,511322,营山县,511322,县,南充市,511300,地级市,四川省,510000,省, , ,Yingshan
2466,面,颍东区,341203,颍东区,341203,市辖区,阜阳市,341200,地级市,安徽省,340000,省, , ,Yingdong
2467,面,颍泉区,341204,颍泉区,341204,市辖区,阜阳市,341200,地级市,安徽省,340000,省, , ,Yingquan
2468,面,颍上县,341226,颍上县,341226,县,阜阳市,341200,地级市,安徽省,340000,省, , ,Yingshang
2469,面,颍州区,341202,颍州区,341202,市辖区,阜阳市,341200,地级市,安徽省,340000,省, , ,Yingzhou
2470,面,邕宁区,450109,邕宁区,450109,市辖区,南宁市,450100,地级市,广西壮族自治区,450000,自治区, , ,Yongning
2471,面,永安市,350481,永安市,350481,县级市,三明市,350400,地级市,福建省,350000,省, , ,Yongan
2472,面,永昌县,620321,永昌县,620321,县,金昌市,620300,地级市,甘肃省,620000,省, , ,Yongchang
2473,面,永城市,411481,永城市,411481,县级市,商丘市,411400,地级市,河南省,410000,省, , ,Yongcheng
2474,面,永川区,500118,永川区,500118,市辖区,不统计,0,不统计,重庆市,500000,直辖市,永川市,2006年撤销永川市，设立永川区,Yongchuan
2475,面,永春县,350525,永春县,350525,县,泉州市,350500,地级市,福建省,350000,省, , ,Yongchun
2476,面,永德县,530923,永德县,530923,县,临沧市,530900,地级市,云南省,530000,省, , ,Yongde
2477,面,永登县,620121,永登县,620121,县,兰州市,620100,地级市,甘肃省,620000,省, , ,Yongdeng
2478,面,永丰县,360825,永丰县,360825,县,吉安市,360800,地级市,江西省,360000,省, , ,Yongfeng
2479,面,永福县,450326,永福县,450326,县,桂林市,450300,地级市,广西壮族自治区,450000,自治区, , ,Yongfu
2480,面,永和县,141032,永和县,141032,县,临汾市,141000,地级市,山西省,140000,省, , ,Yonghe
2481,面,永吉县,220221,永吉县,220221,县,吉林市,220200,地级市,吉林省,220000,省, , ,Yongji
2482,面,永济市,140881,永济市,140881,县级市,运城市,140800,地级市,山西省,140000,省, , ,Yongji
2483,面,永嘉县,330324,永嘉县,330324,县,温州市,330300,地级市,浙江省,330000,省, , ,Yongjia
2484,面,永靖县,622923,永靖县,622923,县,临夏回族自治州,622900,自治州,甘肃省,620000,省, , ,Yongjing
2485,面,永康市,330784,永康市,330784,县级市,金华市,330700,地级市,浙江省,330000,省, , ,Yongkang
2486,面,永年区,130408,永年区,130408,市辖区,邯郸市,130400,地级市,河北省,130000,省,永年县,2016年撤销永年县，设立永年区,Yongnian
2487,面,永宁县,640121,永宁县,640121,县,银川市,640100,地级市,宁夏回族自治区,640000,自治区, , ,Yongning
2488,面,永平县,532928,永平县,532928,县,大理白族自治州,532900,自治州,云南省,530000,省, , ,Yongping
2489,面,永清县,131023,永清县,131023,县,廊坊市,131000,地级市,河北省,130000,省, , ,Yongqing
2490,面,永仁县,532327,永仁县,532327,县,楚雄彝族自治州,532300,自治州,云南省,530000,省, , ,Yongren
2491,面,永善县,530625,永善县,530625,县,昭通市,530600,地级市,云南省,530000,省, , ,Yongshan
2492,面,永胜县,530722,永胜县,530722,县,丽江市,530700,地级市,云南省,530000,省, , ,Yongsheng
2493,面,永寿县,610426,永寿县,610426,县,咸阳市,610400,地级市,陕西省,610000,省, , ,Yongshou
2494,面,永顺县,433127,永顺县,433127,县,湘西土家族苗族自治州,433100,自治州,湖南省,430000,省, , ,Yongshun
2495,面,永泰县,350125,永泰县,350125,县,福州市,350100,地级市,福建省,350000,省, , ,Yongtai
2496,面,永新县,360830,永新县,360830,县,吉安市,360800,地级市,江西省,360000,省, , ,Yongxin
2497,面,永兴县,431023,永兴县,431023,县,郴州市,431000,地级市,湖南省,430000,省, , ,Yongxing
2498,面,永修县,360425,永修县,360425,县,九江市,360400,地级市,江西省,360000,省, , ,Yongxiu
2499,面,埇桥区,341302,埇桥区,341302,市辖区,宿州市,341300,地级市,安徽省,340000,省, , ,Yongqiao
2500,面,攸县,430223,攸县,430223,县,株洲市,430200,地级市,湖南省,430000,省, , ,Youxian
2501,面,尤溪县,350426,尤溪县,350426,县,三明市,350400,地级市,福建省,350000,省, , ,Youxi
2502,面,游仙区,510704,游仙区,510704,市辖区,绵阳市,510700,地级市,四川省,510000,省, , ,Youxian
2503,面,友谊县,230522,友谊县,230522,县,双鸭山市,230500,地级市,黑龙江省,230000,省, , ,Youyi
2504,面,酉阳土家族苗族自治县,500242,酉阳土家族苗族自治县,500242,自治县,不统计,0,不统计,重庆市,500000,直辖市, , ,Youyangtujiazuandmiaozu
2505,面,右江区,451002,右江区,451002,市辖区,百色市,451000,地级市,广西壮族自治区,450000,自治区, , ,Youjiang
2506,面,右玉县,140623,右玉县,140623,县,朔州市,140600,地级市,山西省,140000,省, , ,Youyu
2507,面,于都县,360731,于都县,360731,县,赣州市,360700,地级市,江西省,360000,省, , ,Yudu
2508,面,于洪区,210114,于洪区,210114,市辖区,沈阳市,210100,地级市,辽宁省,210000,省, , ,Yuhong
2509,面,于田县,653226,于田县,653226,县,和田地区,653200,地区,新疆维吾尔自治区,650000,自治区, , ,Yutian
2510,面,余干县,361127,余干县,361127,县,上饶市,361100,地级市,江西省,360000,省, , ,Yugan
2511,面,余杭区,330110,余杭区,330110,市辖区,杭州市,330100,地级市,浙江省,330000,省, ,2021年撤销余杭区，设立新的余杭区,Yuhang
2512,面,余江区,360603,余江区,360603,市辖区,鹰潭市,360600,地级市,江西省,360000,省,余江县,2018年撤销余江县，设立余江区,Yujiang
2513,面,余庆县,520329,余庆县,520329,县,遵义市,520300,地级市,贵州省,520000,省, , ,Yuqing
2514,面,余姚市,330281,余姚市,330281,县级市,宁波市,330200,地级市,浙江省,330000,省, , ,Yuyao
2515,面,盂县,140322,盂县,140322,县,阳泉市,140300,地级市,山西省,140000,省, , ,Yuxian
2516,面,鱼峰区,450203,鱼峰区,450203,市辖区,柳州市,450200,地级市,广西壮族自治区,450000,自治区, , ,Yufeng
2517,面,鱼台县,370827,鱼台县,370827,县,济宁市,370800,地级市,山东省,370000,省, , ,Yutai
2518,面,渝北区,500112,渝北区,500112,市辖区,不统计,0,不统计,重庆市,500000,直辖市, , ,Yubei
2519,面,渝水区,360502,渝水区,360502,市辖区,新余市,360500,地级市,江西省,360000,省, , ,Yushui
2520,面,渝中区,500103,渝中区,500103,市辖区,不统计,0,不统计,重庆市,500000,直辖市, , ,Yuzhong
2521,面,榆次区,140702,榆次区,140702,市辖区,晋中市,140700,地级市,山西省,140000,省, , ,Yuci
2522,面,榆社县,140721,榆社县,140721,县,晋中市,140700,地级市,山西省,140000,省, , ,Yushe
2523,面,榆树市,220182,榆树市,220182,县级市,长春市,220100,地级市,吉林省,220000,省, , ,Yushu
2524,面,榆阳区,610802,榆阳区,610802,市辖区,榆林市,610800,地级市,陕西省,610000,省, , ,Yuyang
2525,面,榆中县,620123,榆中县,620123,县,兰州市,620100,地级市,甘肃省,620000,省, , ,Yuzhong
2526,面,虞城县,411425,虞城县,411425,县,商丘市,411400,地级市,河南省,410000,省, , ,Yucheng
2527,面,雨城区,511802,雨城区,511802,市辖区,雅安市,511800,地级市,四川省,510000,省, , ,Yucheng
2528,面,雨湖区,430302,雨湖区,430302,市辖区,湘潭市,430300,地级市,湖南省,430000,省, , ,Yuhu
2529,面,雨花区,430111,雨花区,430111,市辖区,长沙市,430100,地级市,湖南省,430000,省, , ,Yuhua
2530,面,雨花台区,320114,雨花台区,320114,市辖区,南京市,320100,地级市,江苏省,320000,省, , ,Yuhuatai
2531,面,雨山区,340504,雨山区,340504,市辖区,马鞍山市,340500,地级市,安徽省,340000,省, , ,Yushan
2532,面,禹城市,371482,禹城市,371482,县级市,德州市,371400,地级市,山东省,370000,省, , ,Yucheng
2533,面,禹会区,340304,禹会区,340304,市辖区,蚌埠市,340300,地级市,安徽省,340000,省,西市区,2004年西市区更名为禹会区,Yuhui
2534,面,禹王台区,410205,禹王台区,410205,市辖区,开封市,410200,地级市,河南省,410000,省, , ,Yuwangtai
2535,面,禹州市,411081,禹州市,411081,县级市,许昌市,411000,地级市,河南省,410000,省, , ,Yuzhou
2536,面,玉环市,331083,玉环市,331083,县级市,台州市,331000,地级市,浙江省,330000,省,玉环县,2017年撤销玉环县，设立玉环市,Yuhuan
2537,面,玉龙纳西族自治县,530721,玉龙纳西族自治县,530721,自治县,丽江市,530700,地级市,云南省,530000,省, , ,Yulongnaxizu
2538,面,玉门市,620981,玉门市,620981,县级市,酒泉市,620900,地级市,甘肃省,620000,省, , ,Yumen
2539,面,玉屏侗族自治县,520622,玉屏侗族自治县,520622,自治县,铜仁市,520600,地级市,贵州省,520000,省, , ,Yupingdongzu
2540,面,玉泉区,150104,玉泉区,150104,市辖区,呼和浩特市,150100,地级市,内蒙古自治区,150000,自治区, , ,Yuquan
2541,面,玉山县,361123,玉山县,361123,县,上饶市,361100,地级市,江西省,360000,省, , ,Yushan
2542,面,玉树市,632701,玉树市,632701,县级市,玉树藏族自治州,632700,自治州,青海省,630000,省,玉树县,2013年撤销玉树县，设立玉树市,Yushu
2543,面,玉田县,130229,玉田县,130229,县,唐山市,130200,地级市,河北省,130000,省, , ,Yutian
2544,面,玉州区,450902,玉州区,450902,市辖区,玉林市,450900,地级市,广西壮族自治区,450000,自治区, ,2013年拆分玉州区的6个镇，划归福绵区管辖,Yuzhou
2545,面,郁南县,445322,郁南县,445322,县,云浮市,445300,地级市,广东省,440000,省, , ,Yunan
2546,面,裕安区,341503,裕安区,341503,市辖区,六安市,341500,地级市,安徽省,340000,省, , ,Yuan
2547,面,裕华区,130108,裕华区,130108,市辖区,石家庄市,130100,地级市,河北省,130000,省,郊区,2001年撤销郊区，设立裕华区,Yuhua
2548,面,裕民县,654225,裕民县,654225,县,塔城地区,654200,地区,新疆维吾尔自治区,650000,自治区, , ,Yumin
2549,面,元宝区,210602,元宝区,210602,市辖区,丹东市,210600,地级市,辽宁省,210000,省, , ,Yuanbao
2550,面,元宝山区,150403,元宝山区,150403,市辖区,赤峰市,150400,地级市,内蒙古自治区,150000,自治区, , ,Yuanbaoshan
2551,面,元江哈尼族彝族傣族自治县,530428,元江哈尼族彝族傣族自治县,530428,自治县,玉溪市,530400,地级市,云南省,530000,省, , ,Yuanjianghanizuandyizudaizu
2552,面,元谋县,532328,元谋县,532328,县,楚雄彝族自治州,532300,自治州,云南省,530000,省, , ,Yuanmou
2553,面,元氏县,130132,元氏县,130132,县,石家庄市,130100,地级市,河北省,130000,省, , ,Yuanshi
2554,面,元阳县,532528,元阳县,532528,县,红河哈尼族彝族自治州,532500,自治州,云南省,530000,省, , ,Yuanyang
2555,面,沅江市,430981,沅江市,430981,县级市,益阳市,430900,地级市,湖南省,430000,省, , ,Yuanjiang
2556,面,沅陵县,431222,沅陵县,431222,县,怀化市,431200,地级市,湖南省,430000,省, , ,Yuanling
2557,面,垣曲县,140827,垣曲县,140827,县,运城市,140800,地级市,山西省,140000,省, , ,Yuanqu
2558,面,袁州区,360902,袁州区,360902,市辖区,宜春市,360900,地级市,江西省,360000,省, , ,Yuanzhou
2559,面,原平市,140981,原平市,140981,县级市,忻州市,140900,地级市,山西省,140000,省, , ,Yuanping
2560,面,原阳县,410725,原阳县,410725,县,新乡市,410700,地级市,河南省,410000,省, , ,Yuanyang
2561,面,原州区,640402,原州区,640402,市辖区,固原市,640400,地级市,宁夏回族自治区,640000,自治区, , ,Yuanzhou
2562,面,源城区,441602,源城区,441602,市辖区,河源市,441600,地级市,广东省,440000,省, , ,Yuancheng
2563,面,源汇区,411102,源汇区,411102,市辖区,漯河市,411100,地级市,河南省,410000,省, , ,Yuanhui
2564,面,远安县,420525,远安县,420525,县,宜昌市,420500,地级市,湖北省,420000,省, , ,Yuanan
2565,面,月湖区,360602,月湖区,360602,市辖区,鹰潭市,360600,地级市,江西省,360000,省, , ,Yuehu
2566,面,岳池县,511621,岳池县,511621,县,广安市,511600,地级市,四川省,510000,省, , ,Yuechi
2567,面,岳麓区,430104,岳麓区,430104,市辖区,长沙市,430100,地级市,湖南省,430000,省, , ,Yuelu
2568,面,岳普湖县,653128,岳普湖县,653128,县,喀什地区,653100,地区,新疆维吾尔自治区,650000,自治区, , ,Yuepuhu
2569,面,岳塘区,430304,岳塘区,430304,市辖区,湘潭市,430300,地级市,湖南省,430000,省, , ,Yuetang
2570,面,岳西县,340828,岳西县,340828,县,安庆市,340800,地级市,安徽省,340000,省, , ,Yuexi
2571,面,岳阳楼区,430602,岳阳楼区,430602,市辖区,岳阳市,430600,地级市,湖南省,430000,省, , ,Yueyanglou
2572,面,岳阳县,430621,岳阳县,430621,县,岳阳市,430600,地级市,湖南省,430000,省, , ,Yueyang
2573,面,越城区,330602,越城区,330602,市辖区,绍兴市,330600,地级市,浙江省,330000,省, ,2001年新设立越城区,Yuecheng
2574,面,越西县,513434,越西县,513434,县,凉山彝族自治州,513400,自治州,四川省,510000,省, , ,Yuexi
2575,面,越秀区,440104,越秀区,440104,市辖区,广州市,440100,地级市,广东省,440000,省, , ,Yuexiu
2576,面,云安区,445303,云安区,445303,市辖区,云浮市,445300,地级市,广东省,440000,省,云安县,2014年撤销云安县，设立云安区,Yunan
2577,面,云城区,445302,云城区,445302,市辖区,云浮市,445300,地级市,广东省,440000,省, , ,Yuncheng
2578,面,云和县,331125,云和县,331125,县,丽水市,331100,地级市,浙江省,330000,省, , ,Yunhe
2579,面,云龙区,320303,云龙区,320303,市辖区,徐州市,320300,地级市,江苏省,320000,省, , ,Yunlong
2580,面,云龙县,532929,云龙县,532929,县,大理白族自治州,532900,自治州,云南省,530000,省, , ,Yunlong
2581,面,云梦县,420923,云梦县,420923,县,孝感市,420900,地级市,湖北省,420000,省, , ,Yunmeng
2582,面,云溪区,430603,云溪区,430603,市辖区,岳阳市,430600,地级市,湖南省,430000,省, , ,Yunxi
2583,面,云县,530922,云县,530922,县,临沧市,530900,地级市,云南省,530000,省, , ,Yunxian
2584,面,云霄县,350622,云霄县,350622,县,漳州市,350600,地级市,福建省,350000,省, , ,Yunxiao
2585,面,云岩区,520103,云岩区,520103,市辖区,贵阳市,520100,地级市,贵州省,520000,省, , ,Yunyan
2586,面,云阳县,500235,云阳县,500235,县,不统计,0,不统计,重庆市,500000,直辖市, , ,Yunyang
2587,面,郧西县,420322,郧西县,420322,县,十堰市,420300,地级市,湖北省,420000,省, , ,Yunxi
2588,面,郧阳区,420304,郧阳区,420304,市辖区,十堰市,420300,地级市,湖北省,420000,省,郧县,2014年撤销郧县，设立郧阳区,Yunyang
2589,面,筠连县,511527,筠连县,511527,县,宜宾市,511500,地级市,四川省,510000,省, , ,Junlian
2590,面,运河区,130903,运河区,130903,市辖区,沧州市,130900,地级市,河北省,130000,省, , ,Yunhe
2591,面,郓城县,371725,郓城县,371725,县,菏泽市,371700,地级市,山东省,370000,省, , ,Yuncheng
2592,面,杂多县,632722,杂多县,632722,县,玉树藏族自治州,632700,自治州,青海省,630000,省, , ,Zaduo
2593,面,赞皇县,130129,赞皇县,130129,县,石家庄市,130100,地级市,河北省,130000,省, , ,Zanhuang
2594,面,枣强县,131121,枣强县,131121,县,衡水市,131100,地级市,河北省,130000,省, , ,Zaoqiang
2595,面,枣阳市,420683,枣阳市,420683,县级市,襄阳市,420600,地级市,湖北省,420000,省, , ,Zaoyang
2596,面,泽库县,632323,泽库县,632323,县,黄南藏族自治州,632300,自治州,青海省,630000,省, , ,Zeku
2597,面,泽普县,653124,泽普县,653124,县,喀什地区,653100,地区,新疆维吾尔自治区,650000,自治区, , ,Zepu
2598,面,泽州县,140525,泽州县,140525,县,晋城市,140500,地级市,山西省,140000,省, , ,Zezhou
2599,面,增城区,440118,增城区,440118,市辖区,广州市,440100,地级市,广东省,440000,省,增城市,2014年撤销增城市，设立增城区,Zengcheng
2600,面,扎赉诺尔区,150703,扎赉诺尔区,150703,市辖区,呼伦贝尔市,150700,地级市,内蒙古自治区,150000,自治区, , ,Zhalainuoer
2601,面,扎赉特旗,152223,扎赉特旗,152223,旗,兴安盟,152200,盟,内蒙古自治区,150000,自治区, , ,Zhalaite
2602,面,扎兰屯市,150783,扎兰屯市,150783,县级市,呼伦贝尔市,150700,地级市,内蒙古自治区,150000,自治区, , ,Zhalantun
2603,面,扎鲁特旗,150526,扎鲁特旗,150526,旗,通辽市,150500,地级市,内蒙古自治区,150000,自治区, , ,Zhalute
2604,面,扎囊县,540521,扎囊县,540521,县,山南市,540500,地级市,西藏自治区,540000,自治区, , ,Zhanang
2605,面,札达县,542522,札达县,542522,县,阿里地区,542500,地区,西藏自治区,540000,自治区, , ,Zhada
2606,面,柞水县,611026,柞水县,611026,县,商洛市,611000,地级市,陕西省,610000,省, , ,Zhashui
2607,面,沾化区,371603,沾化区,371603,市辖区,滨州市,371600,地级市,山东省,370000,省,沾化县,2014年撤销沾化县，设立沾化区,Zhanhua
2608,面,沾益区,530303,沾益区,530303,市辖区,曲靖市,530300,地级市,云南省,530000,省,沾益县,2016年撤销沾益县，设立沾益区,Zhanyi
2609,面,站前区,210802,站前区,210802,市辖区,营口市,210800,地级市,辽宁省,210000,省, , ,Zhanqian
2610,面,湛河区,410411,湛河区,410411,市辖区,平顶山市,410400,地级市,河南省,410000,省, , ,Zhanhe
2611,面,张北县,130722,张北县,130722,县,张家口市,130700,地级市,河北省,130000,省, , ,Zhangbei
2612,面,张店区,370303,张店区,370303,市辖区,淄博市,370300,地级市,山东省,370000,省, , ,Zhangdian
2613,面,张家川回族自治县,620525,张家川回族自治县,620525,自治县,天水市,620500,地级市,甘肃省,620000,省, , ,Zhangjiachuanhuizu
2614,面,张家港市,320582,张家港市,320582,县级市,苏州市,320500,地级市,江苏省,320000,省, , ,Zhangjiagang
2615,面,张湾区,420303,张湾区,420303,市辖区,十堰市,420300,地级市,湖北省,420000,省, , ,Zhangwan
2616,面,章贡区,360702,章贡区,360702,市辖区,赣州市,360700,地级市,江西省,360000,省, , ,Zhanggong
2617,面,章丘区,370114,章丘区,370114,市辖区,济南市,370100,地级市,山东省,370000,省,章丘市,2016年撤销章丘市，设立章丘区,Zhangqiu
2618,面,彰武县,210922,彰武县,210922,县,阜新市,210900,地级市,辽宁省,210000,省, , ,Zhangwu
2619,面,漳平市,350881,漳平市,350881,县级市,龙岩市,350800,地级市,福建省,350000,省, , ,Zhangping
2620,面,漳浦县,350623,漳浦县,350623,县,漳州市,350600,地级市,福建省,350000,省, , ,Zhangpu
2621,面,漳县,621125,漳县,621125,县,定西市,621100,地级市,甘肃省,620000,省, , ,Zhangxian
2622,面,樟树市,360982,樟树市,360982,县级市,宜春市,360900,地级市,江西省,360000,省, , ,Zhangshu
2623,面,长白朝鲜族自治县,220623,长白朝鲜族自治县,220623,自治县,白山市,220600,地级市,吉林省,220000,省, , ,Changbaichaoxianzu
2624,面,长丰县,340121,长丰县,340121,县,合肥市,340100,地级市,安徽省,340000,省, , ,Changfeng
2625,面,长葛市,411082,长葛市,411082,县级市,许昌市,411000,地级市,河南省,410000,省, , ,Changge
2626,面,长海县,210224,长海县,210224,县,大连市,210200,地级市,辽宁省,210000,省, , ,Changhai
2627,面,长乐区,350112,长乐区,350112,市辖区,福州市,350100,地级市,福建省,350000,省,长乐市,2017年撤销长乐市，设立长乐区,Changle
2628,面,长岭县,220722,长岭县,220722,县,松原市,220700,地级市,吉林省,220000,省, , ,Changling
2629,面,长宁区,310105,长宁区,310105,市辖区,不统计,0,不统计,上海市,310000,直辖市, , ,Changning
2630,面,长宁县,511524,长宁县,511524,县,宜宾市,511500,地级市,四川省,510000,省, , ,Changning
2631,面,长清区,370113,长清区,370113,市辖区,济南市,370100,地级市,山东省,370000,省,长清县,2001年撤销长清县，设立长清区,Changqing
2632,面,长沙县,430121,长沙县,430121,县,长沙市,430100,地级市,湖南省,430000,省, , ,Changsha
2633,面,长寿区,500115,长寿区,500115,市辖区,不统计,0,不统计,重庆市,500000,直辖市,长寿县,2001年撤销长寿县，设立长寿区,Changshou
2634,面,长顺县,522729,长顺县,522729,县,黔南布依族苗族自治州,522700,自治州,贵州省,520000,省, , ,Changshun
2635,面,长泰区,350605,长泰区,350605,市辖区,漳州市,350600,地级市,福建省,350000,省,长泰县,2021年撤销长泰县，设立长泰区,Changtai
2636,面,长汀县,350821,长汀县,350821,县,龙岩市,350800,地级市,福建省,350000,省, , ,Changting
2637,面,长武县,610428,长武县,610428,县,咸阳市,610400,地级市,陕西省,610000,省, , ,Changwu
2638,面,长兴县,330522,长兴县,330522,县,湖州市,330500,地级市,浙江省,330000,省, , ,Changxing
2639,面,长阳土家族自治县,420528,长阳土家族自治县,420528,自治县,宜昌市,420500,地级市,湖北省,420000,省, , ,Changyangtujiazu
2640,面,长垣市,410783,长垣市,410783,县级市,新乡市,410700,地级市,河南省,410000,省,长垣县,2019年撤销长垣县，设立长垣市,Changyuan
2641,面,长洲区,450405,长洲区,450405,市辖区,梧州市,450400,地级市,广西壮族自治区,450000,自治区,郊区,2003年撤销郊区，设立长洲区,Changzhou
2642,面,长子县,140428,长子县,140428,县,长治市,140400,地级市,山西省,140000,省, , ,Zhangzi
2643,面,招远市,370685,招远市,370685,县级市,烟台市,370600,地级市,山东省,370000,省, , ,Zhaoyuan
2644,面,昭化区,510811,昭化区,510811,市辖区,广元市,510800,地级市,四川省,510000,省,元坝区,2013年更名元坝区为昭化区,Zhaohua
2645,面,昭觉县,513431,昭觉县,513431,县,凉山彝族自治州,513400,自治州,四川省,510000,省, , ,Zhaojue
2646,面,昭平县,451121,昭平县,451121,县,贺州市,451100,地级市,广西壮族自治区,450000,自治区, , ,Zhaoping
2647,面,昭苏县,654026,昭苏县,654026,县,伊犁哈萨克自治州,654000,自治州,新疆维吾尔自治区,650000,自治区, , ,Zhaosu
2648,面,昭阳区,530602,昭阳区,530602,市辖区,昭通市,530600,地级市,云南省,530000,省,昭通市,2001年撤销昭通市，设立昭阳区,Zhaoyang
2649,面,召陵区,411104,召陵区,411104,市辖区,漯河市,411100,地级市,河南省,410000,省, ,2004年新设立召陵区,Shaoling
2650,面,诏安县,350624,诏安县,350624,县,漳州市,350600,地级市,福建省,350000,省, , ,Zhaoan
2651,面,赵县,130133,赵县,130133,县,石家庄市,130100,地级市,河北省,130000,省, , ,Zhaoxian
2652,面,肇东市,231282,肇东市,231282,县级市,绥化市,231200,地级市,黑龙江省,230000,省, , ,Zhaodong
2653,面,肇源县,230622,肇源县,230622,县,大庆市,230600,地级市,黑龙江省,230000,省, , ,Zhaoyuan
2654,面,肇州县,230621,肇州县,230621,县,大庆市,230600,地级市,黑龙江省,230000,省, , ,Zhaozhou
2655,面,柘城县,411424,柘城县,411424,县,商丘市,411400,地级市,河南省,410000,省, , ,Zhecheng
2656,面,柘荣县,350926,柘荣县,350926,县,宁德市,350900,地级市,福建省,350000,省, , ,Zherong
2657,面,贞丰县,522325,贞丰县,522325,县,黔西南布依族苗族自治州,522300,自治州,贵州省,520000,省, , ,Zhenfeng
2658,面,浈江区,440204,浈江区,440204,市辖区,韶关市,440200,地级市,广东省,440000,省, , ,Zhenjiang
2659,面,振安区,210604,振安区,210604,市辖区,丹东市,210600,地级市,辽宁省,210000,省, , ,Zhenan
2660,面,振兴区,210603,振兴区,210603,市辖区,丹东市,210600,地级市,辽宁省,210000,省, , ,Zhenxing
2661,面,镇安县,611025,镇安县,611025,县,商洛市,611000,地级市,陕西省,610000,省, , ,Zhenan
2662,面,镇巴县,610728,镇巴县,610728,县,汉中市,610700,地级市,陕西省,610000,省, , ,Zhenba
2663,面,镇海区,330211,镇海区,330211,市辖区,宁波市,330200,地级市,浙江省,330000,省, , ,Zhenhai
2664,面,镇康县,530924,镇康县,530924,县,临沧市,530900,地级市,云南省,530000,省, , ,Zhenkang
2665,面,镇赉县,220821,镇赉县,220821,县,白城市,220800,地级市,吉林省,220000,省, , ,Zhenlai
2666,面,镇宁布依族苗族自治县,520423,镇宁布依族苗族自治县,520423,自治县,安顺市,520400,地级市,贵州省,520000,省, , ,Zhenningbuyizuandmiaozu
2667,面,镇平县,411324,镇平县,411324,县,南阳市,411300,地级市,河南省,410000,省, , ,Zhenping
2668,面,镇坪县,610927,镇坪县,610927,县,安康市,610900,地级市,陕西省,610000,省, , ,Zhenping
2669,面,镇雄县,530627,镇雄县,530627,县,昭通市,530600,地级市,云南省,530000,省, , ,Zhenxiong
2670,面,镇沅彝族哈尼族拉祜族自治县,530825,镇沅彝族哈尼族拉祜族自治县,530825,自治县,普洱市,530800,地级市,云南省,530000,省, , ,Zhenyuanyizuandhanizulahuzu
2671,面,镇原县,621027,镇原县,621027,县,庆阳市,621000,地级市,甘肃省,620000,省, , ,Zhenyuan
2672,面,镇远县,522625,镇远县,522625,县,黔东南苗族侗族自治州,522600,自治州,贵州省,520000,省, , ,Zhenyuan
2673,面,蒸湘区,430408,蒸湘区,430408,市辖区,衡阳市,430400,地级市,湖南省,430000,省, ,2001年新设立蒸湘区,Zhengxiang
2674,面,正安县,520324,正安县,520324,县,遵义市,520300,地级市,贵州省,520000,省, , ,Zhengan
2675,面,正定县,130123,正定县,130123,县,石家庄市,130100,地级市,河北省,130000,省, , ,Zhengding
2676,面,正蓝旗,152530,正蓝旗,152530,旗,锡林郭勒盟,152500,盟,内蒙古自治区,150000,自治区, , ,Zhenglan
2677,面,正宁县,621025,正宁县,621025,县,庆阳市,621000,地级市,甘肃省,620000,省, , ,Zhengning
2678,面,正镶白旗,152529,正镶白旗,152529,旗,锡林郭勒盟,152500,盟,内蒙古自治区,150000,自治区, , ,Zhengxiangbai
2679,面,正阳县,411724,正阳县,411724,县,驻马店市,411700,地级市,河南省,410000,省, , ,Zhengyang
2680,面,政和县,350725,政和县,350725,县,南平市,350700,地级市,福建省,350000,省, , ,Zhenghe
2681,面,芝罘区,370602,芝罘区,370602,市辖区,烟台市,370600,地级市,山东省,370000,省, , ,Zhifu
2682,面,枝江市,420583,枝江市,420583,县级市,宜昌市,420500,地级市,湖北省,420000,省, , ,Zhijiang
2683,面,织金县,520524,织金县,520524,县,毕节市,520500,地级市,贵州省,520000,省, , ,Zhijin
2684,面,芷江侗族自治县,431228,芷江侗族自治县,431228,自治县,怀化市,431200,地级市,湖南省,430000,省, , ,Zhijiangdongzu
2685,面,志丹县,610625,志丹县,610625,县,延安市,610600,地级市,陕西省,610000,省, , ,Zhidan
2686,面,治多县,632724,治多县,632724,县,玉树藏族自治州,632700,自治州,青海省,630000,省, , ,Zhiduo
2687,面,中方县,431221,中方县,431221,县,怀化市,431200,地级市,湖南省,430000,省, , ,Zhongfang
2688,面,中江县,510623,中江县,510623,县,德阳市,510600,地级市,四川省,510000,省, , ,Zhongjiang
2689,面,中牟县,410122,中牟县,410122,县,郑州市,410100,地级市,河南省,410000,省, , ,Zhongmu
2690,面,中宁县,640521,中宁县,640521,县,中卫市,640500,地级市,宁夏回族自治区,640000,自治区, , ,Zhongning
2691,面,中山市,442000,不统计,0,不统计,中山市,442000,地级市,广东省,440000,省, , ,Zhongshan
2692,面,中阳县,141129,中阳县,141129,县,吕梁市,141100,地级市,山西省,140000,省, , ,Zhongyang
2693,面,中原区,410102,中原区,410102,市辖区,郑州市,410100,地级市,河南省,410000,省, , ,Zhongyuan
2694,面,中站区,410803,中站区,410803,市辖区,焦作市,410800,地级市,河南省,410000,省, , ,Zhongzhan
2695,面,忠县,500233,忠县,500233,县,不统计,0,不统计,重庆市,500000,直辖市, , ,Zhongxian
2696,面,钟楼区,320404,钟楼区,320404,市辖区,常州市,320400,地级市,江苏省,320000,省, , ,Zhonglou
2697,面,钟山区,520201,钟山区,520201,市辖区,六盘水市,520200,地级市,贵州省,520000,省, , ,Zhongshan
2698,面,钟山县,451122,钟山县,451122,县,贺州市,451100,地级市,广西壮族自治区,450000,自治区, , ,Zhongshan
2699,面,钟祥市,420881,钟祥市,420881,县级市,荆门市,420800,地级市,湖北省,420000,省, , ,Zhongxiang
2700,面,仲巴县,540232,仲巴县,540232,县,日喀则市,540200,地级市,西藏自治区,540000,自治区, , ,Zhongba
2701,面,舟曲县,623023,舟曲县,623023,县,甘南藏族自治州,623000,自治州,甘肃省,620000,省, , ,Zhouqu
2702,面,周村区,370306,周村区,370306,市辖区,淄博市,370300,地级市,山东省,370000,省, , ,Zhoucun
2703,面,周宁县,350925,周宁县,350925,县,宁德市,350900,地级市,福建省,350000,省, , ,Zhouning
2704,面,周至县,610124,周至县,610124,县,西安市,610100,地级市,陕西省,610000,省, , ,Zhouzhi
2705,面,珠晖区,430405,珠晖区,430405,市辖区,衡阳市,430400,地级市,湖南省,430000,省, ,2001年新设立珠晖区,Zhuhui
2706,面,诸城市,370782,诸城市,370782,县级市,潍坊市,370700,地级市,山东省,370000,省, , ,Zhucheng
2707,面,诸暨市,330681,诸暨市,330681,县级市,绍兴市,330600,地级市,浙江省,330000,省, , ,Zhuji
2708,面,竹山县,420323,竹山县,420323,县,十堰市,420300,地级市,湖北省,420000,省, , ,Zhushan
2709,面,竹溪县,420324,竹溪县,420324,县,十堰市,420300,地级市,湖北省,420000,省, , ,Zhuxi
2710,面,庄河市,210283,庄河市,210283,县级市,大连市,210200,地级市,辽宁省,210000,省, ,2004年新设立庄河市,Zhuanghe
2711,面,庄浪县,620825,庄浪县,620825,县,平凉市,620800,地级市,甘肃省,620000,省, , ,Zhuanglang
2712,面,准格尔旗,150622,准格尔旗,150622,旗,鄂尔多斯市,150600,地级市,内蒙古自治区,150000,自治区, , ,Zhungeer
2713,面,涿鹿县,130731,涿鹿县,130731,县,张家口市,130700,地级市,河北省,130000,省, , ,Zhuolu
2714,面,涿州市,130681,涿州市,130681,县级市,保定市,130600,地级市,河北省,130000,省, , ,Zhuozhou
2715,面,卓尼县,623022,卓尼县,623022,县,甘南藏族自治州,623000,自治州,甘肃省,620000,省, , ,Zhuoni
2716,面,卓资县,150921,卓资县,150921,县,乌兰察布市,150900,地级市,内蒙古自治区,150000,自治区, , ,Zhuozi
2717,面,资溪县,361028,资溪县,361028,县,抚州市,361000,地级市,江西省,360000,省, , ,Zixi
2718,面,资兴市,431081,资兴市,431081,县级市,郴州市,431000,地级市,湖南省,430000,省, , ,Zixing
2719,面,资阳区,430902,资阳区,430902,市辖区,益阳市,430900,地级市,湖南省,430000,省, , ,Ziyang
2720,面,资源县,450329,资源县,450329,县,桂林市,450300,地级市,广西壮族自治区,450000,自治区, , ,Ziyuan
2721,面,资中县,511025,资中县,511025,县,内江市,511000,地级市,四川省,510000,省, , ,Zizhong
2722,面,淄川区,370302,淄川区,370302,市辖区,淄博市,370300,地级市,山东省,370000,省, , ,Zichuan
2723,面,子长市,610681,子长市,610681,县级市,延安市,610600,地级市,陕西省,610000,省,子长县,2019年撤销子长县，设立子长市,Zichang
2724,面,子洲县,610831,子洲县,610831,县,榆林市,610800,地级市,陕西省,610000,省, , ,Zizhou
2725,面,秭归县,420527,秭归县,420527,县,宜昌市,420500,地级市,湖北省,420000,省, , ,Zigui
2726,面,梓潼县,510725,梓潼县,510725,县,绵阳市,510700,地级市,四川省,510000,省, , ,Zitong
2727,面,紫金县,441621,紫金县,441621,县,河源市,441600,地级市,广东省,440000,省, , ,Zijin
2728,面,紫阳县,610924,紫阳县,610924,县,安康市,610900,地级市,陕西省,610000,省, , ,Ziyang
2729,面,紫云苗族布依族自治县,520425,紫云苗族布依族自治县,520425,自治县,安顺市,520400,地级市,贵州省,520000,省, , ,Ziyunmiaozuandbuyizu
2730,面,自流井区,510302,自流井区,510302,市辖区,自贡市,510300,地级市,四川省,510000,省, ,2005年新设立自流井区,Ziliujing
2731,面,海西蒙古族藏族自治州直辖,632800,不统计,0,不统计,海西蒙古族藏族自治州,632800,自治州,青海省,630000,省, , ,Haiximengguzuzangzu
2732,面,邹城市,370883,邹城市,370883,县级市,济宁市,370800,地级市,山东省,370000,省, , ,Zoucheng
2733,面,邹平市,371681,邹平市,371681,县级市,滨州市,371600,地级市,山东省,370000,省,邹平县,2018年撤销邹平县，设立邹平市,Zouping
2734,面,遵化市,130281,遵化市,130281,县级市,唐山市,130200,地级市,河北省,130000,省, , ,Zunhua
2735,面,左贡县,540327,左贡县,540327,县,昌都市,540300,地级市,西藏自治区,540000,自治区, , ,Zuogong
2736,面,左权县,140722,左权县,140722,县,晋中市,140700,地级市,山西省,140000,省, , ,Zuoquan
2737,面,左云县,140226,左云县,140226,县,大同市,140200,地级市,山西省,140000,省, , ,Zuoyun
2738,面,向阳区,230803,向阳区,230803,市辖区,佳木斯市,230800,地级市,黑龙江省,230000,省, , ,Xiangyang
2739,面,大箐山县,230725,大箐山县,230725,县,伊春市,230700,地级市,黑龙江省,230000,省,带岭区,2019年撤销带岭区，划归铁力市朗乡镇，设立大箐山县,Daqingshan
2740,面,萝北县,230421,萝北县,230421,县,鹤岗市,230400,地级市,黑龙江省,230000,省, , ,Luobei
2741,面,汤旺县,230723,汤旺县,230723,县,伊春市,230700,地级市,黑龙江省,230000,省, ,2019年撤销乌伊岭区、汤旺河区，设立汤旺县,Tangwang
2742,面,丰林县,230724,丰林县,230724,县,伊春市,230700,地级市,黑龙江省,230000,省, ,2019年撤销新青区、红星区、五营区，设立丰林县,Fenglin
2743,面,友好区,230719,友好区,230719,市辖区,伊春市,230700,地级市,黑龙江省,230000,省, ,2019年撤销友好区、上甘岭区，设立新的友好区,Youhao
2744,面,乌翠区,230718,乌翠区,230718,市辖区,伊春市,230700,地级市,黑龙江省,230000,省,翠峦区,2019年撤销乌马河区、翠峦区，设立乌翠区,Wucui
2745,面,南岔县,230726,南岔县,230726,县,伊春市,230700,地级市,黑龙江省,230000,省,南岔区,2019年撤销南岔区，设立南岔县,Nancha
2746,面,金林区,230751,金林区,230751,市辖区,伊春市,230700,地级市,黑龙江省,230000,省,西林区、金山屯区,2019年撤销西林区、金山屯区，设立金林区,Jinlin
2747,面,伊美区,230717,伊美区,230717,市辖区,伊春市,230700,地级市,黑龙江省,230000,省,伊春区、美溪区,2019年撤销乌马河区、伊春区、美溪区，设立伊美区,Yimei
2748,面,东山区,230406,东山区,230406,市辖区,鹤岗市,230400,地级市,黑龙江省,230000,省, , ,Dongshan
2749,面,汤原县,230828,汤原县,230828,县,佳木斯市,230800,地级市,黑龙江省,230000,省, , ,Tangyuan
2750,面,兴安区,230405,兴安区,230405,市辖区,鹤岗市,230400,地级市,黑龙江省,230000,省, , ,Xingan
2751,面,南山区,230404,南山区,230404,市辖区,鹤岗市,230400,地级市,黑龙江省,230000,省, , ,Nanshan
2752,面,工农区,230403,工农区,230403,市辖区,鹤岗市,230400,地级市,黑龙江省,230000,省, , ,Gongnong
2753,面,向阳区,230402,向阳区,230402,市辖区,鹤岗市,230400,地级市,黑龙江省,230000,省, , ,Xiangyang
2754,面,兴山区,230407,兴山区,230407,市辖区,鹤岗市,230400,地级市,黑龙江省,230000,省, , ,Xingshan
2755,面,东风区,230805,东风区,230805,市辖区,佳木斯市,230800,地级市,黑龙江省,230000,省, , ,Dongfeng
2756,面,康巴什区,150603,康巴什区,150603,市辖区,鄂尔多斯市,150600,地级市,内蒙古自治区,150000,自治区, ,2016年新设康巴什区,Kangbashi
2757,面,鼓楼区,350102,鼓楼区,350102,市辖区,福州市,350100,地级市,福建省,350000,省, , ,Gulou
2758,面,鼓楼区,320106,鼓楼区,320106,市辖区,南京市,320100,地级市,江苏省,320000,省,下关区（鼓楼区）,2013年撤销下关区，和鼓楼区合并为新的鼓楼区,Gulou
2759,面,鼓楼区,410204,鼓楼区,410204,市辖区,开封市,410200,地级市,河南省,410000,省, , ,Gulou
2760,面,鼓楼区,320302,鼓楼区,320302,市辖区,徐州市,320300,地级市,江苏省,320000,省, , ,Gulou
2761,面,普陀区,330903,普陀区,330903,市辖区,舟山市,330900,地级市,浙江省,330000,省, , ,Putuo
2762,面,普陀区,310107,普陀区,310107,市辖区,不统计,0,不统计,上海市,310000,直辖市, , ,Putuo
2763,面,河东区,120102,河东区,120102,市辖区,不统计,0,不统计,天津市,120000,直辖市, , ,Hedong
2764,面,河东区,371312,河东区,371312,市辖区,临沂市,371300,地级市,山东省,370000,省, , ,Hedong
2765,面,和平区,120101,和平区,120101,市辖区,不统计,0,不统计,天津市,120000,直辖市, , ,Heping
2766,面,和平区,210102,和平区,210102,市辖区,沈阳市,210100,地级市,辽宁省,210000,省, , ,Heping
2767,面,信都区,130503,信都区,130503,市辖区,邢台市,130500,地级市,河北省,130000,省,桥西区,2020年撤销桥西区、邢台县，设立信都区,Xindu
2768,面,桥西区,130703,桥西区,130703,市辖区,张家口市,130700,地级市,河北省,130000,省, , ,Qiaoxi
2769,面,桥西区,130104,桥西区,130104,市辖区,石家庄市,130100,地级市,河北省,130000,省, , ,Qiaoxi
2770,面,城区,441502,城区,441502,市辖区,汕尾市,441500,地级市,广东省,440000,省, , ,Chengqu
2771,面,城区,140502,城区,140502,市辖区,晋城市,140500,地级市,山西省,140000,省, , ,Chengqu
2772,面,城区,140302,城区,140302,市辖区,阳泉市,140300,地级市,山西省,140000,省, , ,Chengqu
2773,面,铁西区,210303,铁西区,210303,市辖区,鞍山市,210300,地级市,辽宁省,210000,省, , ,Tiexi
2774,面,铁西区,220302,铁西区,220302,市辖区,四平市,220300,地级市,吉林省,220000,省, , ,Tiexi
2775,面,铁西区,210106,铁西区,210106,市辖区,沈阳市,210100,地级市,辽宁省,210000,省, , ,Tiexi
2776,面,海州区,210902,海州区,210902,市辖区,阜新市,210900,地级市,辽宁省,210000,省, ,2002年新设立海州区,Haizhou
2777,面,海州区,320706,海州区,320706,市辖区,连云港市,320700,地级市,江苏省,320000,省, , ,Haizhou
2778,面,铁东区,220303,铁东区,220303,市辖区,四平市,220300,地级市,吉林省,220000,省, , ,Tiedong
2779,面,铁东区,210302,铁东区,210302,市辖区,鞍山市,210300,地级市,辽宁省,210000,省, , ,Tiedong
2780,面,西安区,220403,西安区,220403,市辖区,辽源市,220400,地级市,吉林省,220000,省, , ,Xian
2781,面,西安区,231005,西安区,231005,市辖区,牡丹江市,231000,地级市,黑龙江省,230000,省, , ,Xian
2782,面,郊区,140311,郊区,140311,市辖区,阳泉市,140300,地级市,山西省,140000,省, , ,Jiaoqu
2783,面,郊区,230811,郊区,230811,市辖区,佳木斯市,230800,地级市,黑龙江省,230000,省, , ,Jiaoqu
2784,面,郊区,340711,郊区,340711,市辖区,铜陵市,340700,地级市,安徽省,340000,省, , ,Jiaoqu
2785,面,宝山区,310113,宝山区,310113,市辖区,不统计,0,不统计,上海市,310000,直辖市, , ,Baoshan
2786,面,宝山区,230506,宝山区,230506,市辖区,双鸭山市,230500,地级市,黑龙江省,230000,省, , ,Baoshan
2787,面,西湖区,330106,西湖区,330106,市辖区,杭州市,330100,地级市,浙江省,330000,省, , ,Xihu
2788,面,西湖区,360103,西湖区,360103,市辖区,南昌市,360100,地级市,江西省,360000,省, , ,Xihu
2789,面,龙港市,330383,龙港市,330383,县级市,温州市,330300,地级市,浙江省,330000,省,龙港镇,2019年撤销苍南县龙港镇，设立龙港市,Longgang
2790,面,市中区,511002,市中区,511002,市辖区,内江市,511000,地级市,四川省,510000,省, , ,Shizhong
2791,面,市中区,511102,市中区,511102,市辖区,乐山市,511100,地级市,四川省,510000,省, , ,Shizhong
2792,面,市中区,370402,市中区,370402,市辖区,枣庄市,370400,地级市,山东省,370000,省, , ,Shizhong
2793,面,市中区,370103,市中区,370103,市辖区,济南市,370100,地级市,山东省,370000,省, , ,Shizhong
2794,面,新华区,410402,新华区,410402,市辖区,平顶山市,410400,地级市,河南省,410000,省, , ,Xinhua
2795,面,新华区,130105,新华区,130105,市辖区,石家庄市,130100,地级市,河北省,130000,省, , ,Xinhua
2796,面,新华区,130902,新华区,130902,市辖区,沧州市,130900,地级市,河北省,130000,省, , ,Xinhua
2797,面,永定区,350803,永定区,350803,市辖区,龙岩市,350800,地级市,福建省,350000,省,永定县,2014年撤销永定县，设立永定区,Yongding
2798,面,永定区,430802,永定区,430802,市辖区,张家界市,430800,地级市,湖南省,430000,省, , ,Yongding
2799,面,龙华区,440309,龙华区,440309,市辖区,深圳市,440300,地级市,广东省,440000,省, ,2016年划归宝安区部分，新设龙华区,Longhua
2800,面,光明区,440311,光明区,440311,市辖区,深圳市,440300,地级市,广东省,440000,省, ,2018年宝安区划归部分区域，新设光明区,Guangming
2801,面,南山区,440305,南山区,440305,市辖区,深圳市,440300,地级市,广东省,440300,省, , ,Nanshan
2802,面,江北区,500105,江北区,500105,市辖区,不统计,0,不统计,重庆市,500000,直辖市, , ,Jiangbei
2803,面,江北区,330205,江北区,330205,市辖区,宁波市,330200,地级市,浙江省,330000,省, , ,Jiangbei
2804,面,白云区,440111,白云区,440111,市辖区,广州市,440100,地级市,广东省,440000,省, , ,Baiyun
2805,面,白云区,520113,白云区,520113,市辖区,贵阳市,520100,地级市,贵州省,520000,省, , ,Baiyun
2806,面,城关区,620102,城关区,620102,市辖区,兰州市,620100,地级市,甘肃省,620000,省, , ,Chengguan
2807,面,城关区,540102,城关区,540102,市辖区,拉萨市,540100,地级市,西藏自治区,540000,自治区, , ,Chengguan
2808,面,长安区,130102,长安区,130102,市辖区,石家庄市,130100,地级市,河北省,130000,省, , ,Changan
2809,面,长安区,610116,长安区,610116,市辖区,西安市,610100,地级市,陕西省,610000,省,长安县,2002年撤销长安县，设立长安区,Changan
2810,面,城中区,450202,城中区,450202,市辖区,柳州市,450200,地级市,广西壮族自治区,450000,自治区, , ,Chengzhong
2811,面,城中区,630103,城中区,630103,市辖区,西宁市,630100,地级市,青海省,630000,省, , ,Chengzhong
2812,面,胡杨河市,659010,胡杨河市,659010,县级市,不统计,0,不统计,新疆维吾尔自治区,650000,自治区, ,2019年新设县级胡杨河市,Huyanghe
2813,面,昆玉市,659009,昆玉市,659009,县级市,不统计,0,不统计,新疆维吾尔自治区,650000,自治区, ,"2016年新设县级昆玉市,属省直管,是县级单位",Kunyu
2814,面,新城区,610102,新城区,610102,市辖区,西安市,610100,地级市,陕西省,610000,省, , ,Xincheng
2815,面,新城区,150102,新城区,150102,市辖区,呼和浩特市,150100,地级市,内蒙古自治区,150000,自治区, , ,Xincheng
2816,面,朝阳区,110105,朝阳区,110105,市辖区,不统计,0,不统计,北京市,110000,直辖市, , ,Chaoyang
2817,面,朝阳区,220104,朝阳区,220104,市辖区,长春市,220100,地级市,吉林省,220000,省, , ,Chaoyang
2818,面,通州区,110112,通州区,110112,市辖区,不统计,0,不统计,北京市,110000,直辖市, , ,Tongzhou
2819,面,通州区,320612,通州区,320612,市辖区,南通市,320600,地级市,江苏省,320000,省,通州市,2009年通州市更名为通州区,Tongzhou
2820,面,襄都区,130502,襄都区,130502,市辖区,邢台市,130500,地级市,河北省,130000,省,桥东区,2020年撤销桥东区、邢台县，设立襄都区,Xiangdu
2821,面,青山区,150204,青山区,150204,市辖区,包头市,150200,地级市,内蒙古自治区,150000,自治区, , ,Qingshan
2822,面,青山区,420107,青山区,420107,市辖区,武汉市,420100,地级市,湖北省,420000,省, , ,Qingshan
2823,面,红谷滩区,360113,红谷滩区,360113,市辖区,南昌市,360100,地级市,江西省,360000,省, , ,Honggutan
2824,面,大同区,230606,大同区,230606,市辖区,大庆市,230600,地级市,黑龙江省,230000,省, , ,Datong
2825,面,桦南县,230822,桦南县,230822,县,佳木斯市,230800,地级市,黑龙江省,230000,省, , ,Huanan
2826,面,松山区,150404,松山区,150404,市辖区,赤峰市,150400,地级市,内蒙古自治区,150000,自治区, , ,Songshan
2827,面,大安区,510304,大安区,510304,市辖区,自贡市,510300,地级市,四川省,510000,省, ,2005年新设立大安区,Daan
2828,面,中山区,210202,中山区,210202,市辖区,大连市,210200,地级市,辽宁省,210000,省, , ,Zhongshan
2829,面,坪山区,440310,坪山区,440310,市辖区,深圳市,440300,地级市,广东省,440000,省, ,2016年划归龙岗区部分，新设坪山区,Pingshan
2830,面,新星市,659011,新星市,659011,县级市,不统计,0,不统计,新疆维吾尔自治区,650000,自治区, ,2021年新设新星市,Xinxing
2831,面,临平区,330113,临平区,330113,市辖区,杭州市,330100,地级市,浙江省,330000,省, ,2021年新设临平区,Linping
2832,面,钱塘区,330114,钱塘区,330114,市辖区,杭州市,330100,地级市,浙江省,330000,省, ,2021年新设钱塘区,Qiantang
2833,面,珠山区,360203,珠山区,360203,市辖区,景德镇市,360200,地级市,江西省,360000,省, , ,Zhushan
2834,面,沛县,320322,沛县,320322,县,徐州市,320300,地级市,江苏省,320000,省, , ,Peixian
2835,面,云冈区,140214,云冈区,140214,市辖区,大同市,140200,地级市,山西省,140000,省, ,2018年撤销矿区、南郊区，设立云冈区,Yungang
2836,面,新荣区,140212,新荣区,140212,市辖区,大同市,140200,地级市,山西省,140000,省, , ,Xinrong
2837,面,平城区,140213,平城区,140213,市辖区,大同市,140200,地级市,山西省,140000,省, ,2018年撤销城区、南郊区，设立平城区,Pingcheng
2838,面,金凤区,640106,金凤区,640106,市辖区,银川市,640100,地级市,宁夏回族自治区,640000,自治区,新城区,2002年撤销新城区，设立金凤区,Jinfeng
2839,面,霍邱县,341522,霍邱县,341522,县,六安市,341500,地级市,安徽省,340000,省, , ,Huoqiu
2840,面,叶集区,341504,叶集区,341504,市辖区,六安市,341500,地级市,安徽省,340000,省, ,2015年新设叶集区,Yeji
2841,面,甘井子区,210211,甘井子区,210211,市辖区,大连市,210200,地级市,辽宁省,210000,省, , ,Ganjingzi
2842,面,桥东区,130702,桥东区,130702,市辖区,张家口市,130700,地级市,河北省,130000,省, , ,Qiaodong
2843,面,云州区,140215,云州区,140215,市辖区,大同市,140200,地级市,山西省,140000,省,大同县,2018年撤销大同县，设立云州区,Yunzhou
2844,面,中朝共有,0,中朝共有,0,不统计,不统计,0,不统计,不统计,0,无, , ,CommonterritoryofChinaandKorea
2845,面,西岗区,210203,西岗区,210203,市辖区,大连市,210200,地级市,辽宁省,210000,省, , ,Xigang
2846,面,白杨市,659012,白杨市,659012,县级市,不统计,0,不统计,新疆维吾尔自治区,650000,自治区,第九师,2023年新设白杨市,Baiyang
2847,面,抚远市,230883,抚远市,230833,县级市,佳木斯市,230800,地级市,黑龙江省,230000,省,抚远县,2013年撤销抚远县，设立抚远市,Fuyuan
2848,面,饶河县,230524,饶河县,230524,县,双鸭山市,230500,地级市,黑龙江省,230000,省, , ,Raohe
2849,面,壤塘县,513230,壤塘县,513230,县,阿坝藏族羌族自治州,513200,自治州,四川省,510000,省, , ,Rangtang
2850,面,台湾省,710000,不统计,0,不统计,不统计,0,不统计,台湾省,710000,省, , ,Taiwansheng
2851,面,曾都区,421303,曾都区,421303,市辖区,随州市,421300,地级市,湖北省,420000,省, , ,Zengdu
2852,面,新建区,360112,新建区,360112,市辖区,南昌市,360100,地级市,江西省,360000,省,新建县,2015年撤销新建县，设立新建区,Xinjian
